id,firstname,lastname,email,email2,profession
100,Rosabelle,Winnick,Rosabelle.Winnick@yopmail.com,Rosabelle.Winnick@gmail.com,police officer
101,Dania,Luhe,Dania.Luhe@yopmail.com,Dania.Luhe@gmail.com,police officer
102,Elyssa,Hepsibah,Elyssa.Hepsibah@yopmail.com,Elyssa.Hepsibah@gmail.com,developer
103,Meriel,Natalia,Meriel.Natalia@yopmail.com,Meriel.Natalia@gmail.com,police officer
104,Nadine,Nedrud,Nadine.Nedrud@yopmail.com,Nadine.Nedrud@gmail.com,doctor
105,Addia,Delila,Addia.Delila@yopmail.com,Addia.Delila@gmail.com,firefighter
106,Leontine,Selway,Leontine.Selway@yopmail.com,Leontine.Selway@gmail.com,police officer
107,June,Elephus,June.Elephus@yopmail.com,June.Elephus@gmail.com,firefighter
108,Valli,Cleo,Valli.Cleo@yopmail.com,Valli.Cleo@gmail.com,doctor
109,Doralynne,Nerita,Doralynne.Nerita@yopmail.com,Doralynne.Nerita@gmail.com,firefighter
110,Concettina,Dannye,Concettina.Dannye@yopmail.com,Concettina.Dannye@gmail.com,worker
111,Pollyanna,Anis,Pollyanna.Anis@yopmail.com,Pollyanna.Anis@gmail.com,firefighter
112,Jennica,Gordon,Jennica.Gordon@yopmail.com,Jennica.Gordon@gmail.com,doctor
113,Aurore,Wandie,Aurore.Wandie@yopmail.com,Aurore.Wandie@gmail.com,doctor
114,Cathie,Dunkin,Cathie.Dunkin@yopmail.com,Cathie.Dunkin@gmail.com,firefighter
115,Evita,Lucienne,Evita.Lucienne@yopmail.com,Evita.Lucienne@gmail.com,police officer
116,Sherrie,Fiann,Sherrie.Fiann@yopmail.com,Sherrie.Fiann@gmail.com,police officer
117,Alex,Dex,Alex.Dex@yopmail.com,Alex.Dex@gmail.com,worker
118,Aurelie,Georgy,Aurelie.Georgy@yopmail.com,Aurelie.Georgy@gmail.com,firefighter
119,Edith,Schalles,Edith.Schalles@yopmail.com,Edith.Schalles@gmail.com,developer
120,Tatiania,Hebner,Tatiania.Hebner@yopmail.com,Tatiania.Hebner@gmail.com,doctor
121,Tamqrah,Virgin,Tamqrah.Virgin@yopmail.com,Tamqrah.Virgin@gmail.com,developer
122,Tina,Dearborn,Tina.Dearborn@yopmail.com,Tina.Dearborn@gmail.com,doctor
123,Rebeca,Joseph,Rebeca.Joseph@yopmail.com,Rebeca.Joseph@gmail.com,developer
124,Lita,Kesley,Lita.Kesley@yopmail.com,Lita.Kesley@gmail.com,developer
125,Maye,Jerold,Maye.Jerold@yopmail.com,Maye.Jerold@gmail.com,worker
126,Jackie,Morrill,Jackie.Morrill@yopmail.com,Jackie.Morrill@gmail.com,worker
127,Oralee,Dreda,Oralee.Dreda@yopmail.com,Oralee.Dreda@gmail.com,worker
128,Karly,Tarrant,Karly.Tarrant@yopmail.com,Karly.Tarrant@gmail.com,police officer
129,Lusa,Fiann,Lusa.Fiann@yopmail.com,Lusa.Fiann@gmail.com,police officer
130,Jerry,Rubie,Jerry.Rubie@yopmail.com,Jerry.Rubie@gmail.com,developer
131,Meghann,Pyle,Meghann.Pyle@yopmail.com,Meghann.Pyle@gmail.com,doctor
132,Jerry,Wu,Jerry.Wu@yopmail.com,Jerry.Wu@gmail.com,firefighter
133,Lolita,Stelle,Lolita.Stelle@yopmail.com,Lolita.Stelle@gmail.com,developer
134,Mireielle,Mayeda,Mireielle.Mayeda@yopmail.com,Mireielle.Mayeda@gmail.com,developer
135,Jenda,Ehrman,Jenda.Ehrman@yopmail.com,Jenda.Ehrman@gmail.com,police officer
136,Helena,Hashim,Helena.Hashim@yopmail.com,Helena.Hashim@gmail.com,firefighter
137,Paulita,Alfons,Paulita.Alfons@yopmail.com,Paulita.Alfons@gmail.com,firefighter
138,Shaine,Concha,Shaine.Concha@yopmail.com,Shaine.Concha@gmail.com,developer
139,Judy,Rebecka,Judy.Rebecka@yopmail.com,Judy.Rebecka@gmail.com,firefighter
140,Renie,Breed,Renie.Breed@yopmail.com,Renie.Breed@gmail.com,firefighter
141,Myrtice,Fennessy,Myrtice.Fennessy@yopmail.com,Myrtice.Fennessy@gmail.com,developer
142,Gale,Rad,Gale.Rad@yopmail.com,Gale.Rad@gmail.com,worker
143,Rosene,Denis,Rosene.Denis@yopmail.com,Rosene.Denis@gmail.com,police officer
144,Fina,Aida,Fina.Aida@yopmail.com,Fina.Aida@gmail.com,firefighter
145,Chere,Chauncey,Chere.Chauncey@yopmail.com,Chere.Chauncey@gmail.com,worker
146,Celene,Blisse,Celene.Blisse@yopmail.com,Celene.Blisse@gmail.com,worker
147,Marylou,Sheedy,Marylou.Sheedy@yopmail.com,Marylou.Sheedy@gmail.com,police officer
148,Raina,Dudley,Raina.Dudley@yopmail.com,Raina.Dudley@gmail.com,developer
149,Arabel,Dannye,Arabel.Dannye@yopmail.com,Arabel.Dannye@gmail.com,police officer
150,Debee,Leonard,Debee.Leonard@yopmail.com,Debee.Leonard@gmail.com,developer
151,Netty,Marlie,Netty.Marlie@yopmail.com,Netty.Marlie@gmail.com,doctor
152,Annaliese,Ilka,Annaliese.Ilka@yopmail.com,Annaliese.Ilka@gmail.com,firefighter
153,Claudina,Bertold,Claudina.Bertold@yopmail.com,Claudina.Bertold@gmail.com,developer
154,Georgina,Strephon,Georgina.Strephon@yopmail.com,Georgina.Strephon@gmail.com,worker
155,Siana,Hutchison,Siana.Hutchison@yopmail.com,Siana.Hutchison@gmail.com,worker
156,Cindelyn,Truc,Cindelyn.Truc@yopmail.com,Cindelyn.Truc@gmail.com,developer
157,Sashenka,Fosque,Sashenka.Fosque@yopmail.com,Sashenka.Fosque@gmail.com,developer
158,Atlanta,Middleton,Atlanta.Middleton@yopmail.com,Atlanta.Middleton@gmail.com,doctor
159,Kaja,Schonfeld,Kaja.Schonfeld@yopmail.com,Kaja.Schonfeld@gmail.com,worker
160,Lexine,Cottle,Lexine.Cottle@yopmail.com,Lexine.Cottle@gmail.com,firefighter
161,Keelia,Anderea,Keelia.Anderea@yopmail.com,Keelia.Anderea@gmail.com,doctor
162,Phylis,An,Phylis.An@yopmail.com,Phylis.An@gmail.com,police officer
163,Kara-Lynn,Meli,Kara-Lynn.Meli@yopmail.com,Kara-Lynn.Meli@gmail.com,doctor
164,Starla,Alice,Starla.Alice@yopmail.com,Starla.Alice@gmail.com,police officer
165,Leontine,Claudine,Leontine.Claudine@yopmail.com,Leontine.Claudine@gmail.com,worker
166,Jan,Junie,Jan.Junie@yopmail.com,Jan.Junie@gmail.com,worker
167,Catharine,Berl,Catharine.Berl@yopmail.com,Catharine.Berl@gmail.com,firefighter
168,Ruthe,Francene,Ruthe.Francene@yopmail.com,Ruthe.Francene@gmail.com,firefighter
169,Cathyleen,Iaverne,Cathyleen.Iaverne@yopmail.com,Cathyleen.Iaverne@gmail.com,police officer
170,Viki,Hazlett,Viki.Hazlett@yopmail.com,Viki.Hazlett@gmail.com,worker
171,Doro,Esmaria,Doro.Esmaria@yopmail.com,Doro.Esmaria@gmail.com,police officer
172,Tatiania,Ax,Tatiania.Ax@yopmail.com,Tatiania.Ax@gmail.com,worker
173,Kirbee,Aldric,Kirbee.Aldric@yopmail.com,Kirbee.Aldric@gmail.com,developer
174,Selma,Felecia,Selma.Felecia@yopmail.com,Selma.Felecia@gmail.com,doctor
175,Lyssa,Durante,Lyssa.Durante@yopmail.com,Lyssa.Durante@gmail.com,doctor
176,Florencia,Anyah,Florencia.Anyah@yopmail.com,Florencia.Anyah@gmail.com,worker
177,Alyda,Kelula,Alyda.Kelula@yopmail.com,Alyda.Kelula@gmail.com,doctor
178,Orsola,Martguerita,Orsola.Martguerita@yopmail.com,Orsola.Martguerita@gmail.com,firefighter
179,Felice,Jaylene,Felice.Jaylene@yopmail.com,Felice.Jaylene@gmail.com,firefighter
180,Trudie,Percy,Trudie.Percy@yopmail.com,Trudie.Percy@gmail.com,worker
181,Ada,Middleton,Ada.Middleton@yopmail.com,Ada.Middleton@gmail.com,firefighter
182,Ayn,McAdams,Ayn.McAdams@yopmail.com,Ayn.McAdams@gmail.com,police officer
183,Minne,Mitzi,Minne.Mitzi@yopmail.com,Minne.Mitzi@gmail.com,police officer
184,Marguerite,Odysseus,Marguerite.Odysseus@yopmail.com,Marguerite.Odysseus@gmail.com,developer
185,Ivett,Rodmann,Ivett.Rodmann@yopmail.com,Ivett.Rodmann@gmail.com,worker
186,Esmeralda,Urania,Esmeralda.Urania@yopmail.com,Esmeralda.Urania@gmail.com,worker
187,Kristan,Cadmar,Kristan.Cadmar@yopmail.com,Kristan.Cadmar@gmail.com,doctor
188,Halette,Dorothy,Halette.Dorothy@yopmail.com,Halette.Dorothy@gmail.com,firefighter
189,Ardys,Brittani,Ardys.Brittani@yopmail.com,Ardys.Brittani@gmail.com,worker
190,Ezmeralda,Kathie,Ezmeralda.Kathie@yopmail.com,Ezmeralda.Kathie@gmail.com,doctor
191,Elie,Bobbee,Elie.Bobbee@yopmail.com,Elie.Bobbee@gmail.com,police officer
192,Sharlene,Behre,Sharlene.Behre@yopmail.com,Sharlene.Behre@gmail.com,firefighter
193,Fanchon,Ethban,Fanchon.Ethban@yopmail.com,Fanchon.Ethban@gmail.com,doctor
194,Andeee,Marijo,Andeee.Marijo@yopmail.com,Andeee.Marijo@gmail.com,doctor
195,Esmeralda,Fontana,Esmeralda.Fontana@yopmail.com,Esmeralda.Fontana@gmail.com,developer
196,Michaelina,Plato,Michaelina.Plato@yopmail.com,Michaelina.Plato@gmail.com,worker
197,Jordan,Riordan,Jordan.Riordan@yopmail.com,Jordan.Riordan@gmail.com,developer
198,Meghann,Borrell,Meghann.Borrell@yopmail.com,Meghann.Borrell@gmail.com,developer
199,Lacie,Dorine,Lacie.Dorine@yopmail.com,Lacie.Dorine@gmail.com,worker
200,Daryl,Weide,Daryl.Weide@yopmail.com,Daryl.Weide@gmail.com,doctor
201,Joelly,Ramona,Joelly.Ramona@yopmail.com,Joelly.Ramona@gmail.com,firefighter
202,Gratia,Bobbee,Gratia.Bobbee@yopmail.com,Gratia.Bobbee@gmail.com,police officer
203,Jsandye,Chauncey,Jsandye.Chauncey@yopmail.com,Jsandye.Chauncey@gmail.com,firefighter
204,Shauna,Germann,Shauna.Germann@yopmail.com,Shauna.Germann@gmail.com,developer
205,Ronna,Gabrielli,Ronna.Gabrielli@yopmail.com,Ronna.Gabrielli@gmail.com,police officer
206,Kial,Iphlgenia,Kial.Iphlgenia@yopmail.com,Kial.Iphlgenia@gmail.com,developer
207,Nikki,Gwenore,Nikki.Gwenore@yopmail.com,Nikki.Gwenore@gmail.com,firefighter
208,Rosabelle,Gino,Rosabelle.Gino@yopmail.com,Rosabelle.Gino@gmail.com,worker
209,Laurene,Nelsen,Laurene.Nelsen@yopmail.com,Laurene.Nelsen@gmail.com,developer
210,Philis,Boehike,Philis.Boehike@yopmail.com,Philis.Boehike@gmail.com,developer
211,Elena,Howlyn,Elena.Howlyn@yopmail.com,Elena.Howlyn@gmail.com,police officer
212,Tabbatha,Croix,Tabbatha.Croix@yopmail.com,Tabbatha.Croix@gmail.com,doctor
213,Charlena,Fitzsimmons,Charlena.Fitzsimmons@yopmail.com,Charlena.Fitzsimmons@gmail.com,firefighter
214,Yolane,Rogerio,Yolane.Rogerio@yopmail.com,Yolane.Rogerio@gmail.com,firefighter
215,Gale,Mott,Gale.Mott@yopmail.com,Gale.Mott@gmail.com,police officer
216,Ida,Jacqui,Ida.Jacqui@yopmail.com,Ida.Jacqui@gmail.com,doctor
217,Charlena,Maroney,Charlena.Maroney@yopmail.com,Charlena.Maroney@gmail.com,police officer
218,Louella,Dielu,Louella.Dielu@yopmail.com,Louella.Dielu@gmail.com,worker
219,Clo,Randene,Clo.Randene@yopmail.com,Clo.Randene@gmail.com,developer
220,Lauryn,Ferino,Lauryn.Ferino@yopmail.com,Lauryn.Ferino@gmail.com,doctor
221,Netty,Buckler,Netty.Buckler@yopmail.com,Netty.Buckler@gmail.com,firefighter
222,Cathyleen,Rhu,Cathyleen.Rhu@yopmail.com,Cathyleen.Rhu@gmail.com,developer
223,Andree,Keelia,Andree.Keelia@yopmail.com,Andree.Keelia@gmail.com,firefighter
224,Randa,Millda,Randa.Millda@yopmail.com,Randa.Millda@gmail.com,firefighter
225,Almeta,Berne,Almeta.Berne@yopmail.com,Almeta.Berne@gmail.com,firefighter
226,Kamilah,Meter,Kamilah.Meter@yopmail.com,Kamilah.Meter@gmail.com,police officer
227,Sarette,Pierette,Sarette.Pierette@yopmail.com,Sarette.Pierette@gmail.com,developer
228,Ricky,Thilda,Ricky.Thilda@yopmail.com,Ricky.Thilda@gmail.com,police officer
229,Livvyy,Brandice,Livvyy.Brandice@yopmail.com,Livvyy.Brandice@gmail.com,worker
230,Gretal,Kenwood,Gretal.Kenwood@yopmail.com,Gretal.Kenwood@gmail.com,police officer
231,Elvira,Merell,Elvira.Merell@yopmail.com,Elvira.Merell@gmail.com,worker
232,Kaja,Stoller,Kaja.Stoller@yopmail.com,Kaja.Stoller@gmail.com,doctor
233,Rozele,Hollingsworth,Rozele.Hollingsworth@yopmail.com,Rozele.Hollingsworth@gmail.com,developer
234,Emilia,Sawtelle,Emilia.Sawtelle@yopmail.com,Emilia.Sawtelle@gmail.com,worker
235,Nataline,Hollingsworth,Nataline.Hollingsworth@yopmail.com,Nataline.Hollingsworth@gmail.com,worker
236,Alie,Erlandson,Alie.Erlandson@yopmail.com,Alie.Erlandson@gmail.com,firefighter
237,Sharai,Adrienne,Sharai.Adrienne@yopmail.com,Sharai.Adrienne@gmail.com,doctor
238,Katuscha,Seagraves,Katuscha.Seagraves@yopmail.com,Katuscha.Seagraves@gmail.com,worker
239,Agathe,Alisia,Agathe.Alisia@yopmail.com,Agathe.Alisia@gmail.com,developer
240,Jan,Ioab,Jan.Ioab@yopmail.com,Jan.Ioab@gmail.com,police officer
241,Morganica,Mandler,Morganica.Mandler@yopmail.com,Morganica.Mandler@gmail.com,firefighter
242,Shel,Loeb,Shel.Loeb@yopmail.com,Shel.Loeb@gmail.com,doctor
243,Cathyleen,Revkah,Cathyleen.Revkah@yopmail.com,Cathyleen.Revkah@gmail.com,doctor
244,Berget,Raama,Berget.Raama@yopmail.com,Berget.Raama@gmail.com,developer
245,Gilda,Arne,Gilda.Arne@yopmail.com,Gilda.Arne@gmail.com,police officer
246,Rani,Taam,Rani.Taam@yopmail.com,Rani.Taam@gmail.com,developer
247,Aeriela,Cyrie,Aeriela.Cyrie@yopmail.com,Aeriela.Cyrie@gmail.com,worker
248,Emelina,Johnsson,Emelina.Johnsson@yopmail.com,Emelina.Johnsson@gmail.com,police officer
249,Margalo,Dermott,Margalo.Dermott@yopmail.com,Margalo.Dermott@gmail.com,police officer
250,Hannis,Raimondo,Hannis.Raimondo@yopmail.com,Hannis.Raimondo@gmail.com,police officer
251,Kamilah,Nerita,Kamilah.Nerita@yopmail.com,Kamilah.Nerita@gmail.com,worker
252,Merrie,Bach,Merrie.Bach@yopmail.com,Merrie.Bach@gmail.com,doctor
253,Lynde,Lucienne,Lynde.Lucienne@yopmail.com,Lynde.Lucienne@gmail.com,doctor
254,Jorry,Leonard,Jorry.Leonard@yopmail.com,Jorry.Leonard@gmail.com,doctor
255,Merry,Seagraves,Merry.Seagraves@yopmail.com,Merry.Seagraves@gmail.com,firefighter
256,Courtnay,Boehike,Courtnay.Boehike@yopmail.com,Courtnay.Boehike@gmail.com,police officer
257,Cyb,Isacco,Cyb.Isacco@yopmail.com,Cyb.Isacco@gmail.com,doctor
258,Ethel,Delacourt,Ethel.Delacourt@yopmail.com,Ethel.Delacourt@gmail.com,police officer
259,Claresta,Milson,Claresta.Milson@yopmail.com,Claresta.Milson@gmail.com,firefighter
260,Ebonee,Septima,Ebonee.Septima@yopmail.com,Ebonee.Septima@gmail.com,doctor
261,Marika,Clara,Marika.Clara@yopmail.com,Marika.Clara@gmail.com,police officer
262,Anthia,Bow,Anthia.Bow@yopmail.com,Anthia.Bow@gmail.com,worker
263,Joelly,Faso,Joelly.Faso@yopmail.com,Joelly.Faso@gmail.com,developer
264,Hannis,Yusuk,Hannis.Yusuk@yopmail.com,Hannis.Yusuk@gmail.com,developer
265,Lizzie,Tillford,Lizzie.Tillford@yopmail.com,Lizzie.Tillford@gmail.com,doctor
266,Grier,Esmaria,Grier.Esmaria@yopmail.com,Grier.Esmaria@gmail.com,police officer
267,Mildrid,Chobot,Mildrid.Chobot@yopmail.com,Mildrid.Chobot@gmail.com,firefighter
268,Adriana,Bevin,Adriana.Bevin@yopmail.com,Adriana.Bevin@gmail.com,developer
269,Xylina,Celestine,Xylina.Celestine@yopmail.com,Xylina.Celestine@gmail.com,firefighter
270,Iseabal,Kenwood,Iseabal.Kenwood@yopmail.com,Iseabal.Kenwood@gmail.com,worker
271,Merry,Harned,Merry.Harned@yopmail.com,Merry.Harned@gmail.com,police officer
272,Melina,Edison,Melina.Edison@yopmail.com,Melina.Edison@gmail.com,doctor
273,Libbie,Audly,Libbie.Audly@yopmail.com,Libbie.Audly@gmail.com,developer
274,Alameda,Burnside,Alameda.Burnside@yopmail.com,Alameda.Burnside@gmail.com,developer
275,Kristina,Sundin,Kristina.Sundin@yopmail.com,Kristina.Sundin@gmail.com,doctor
276,Roxane,Xerxes,Roxane.Xerxes@yopmail.com,Roxane.Xerxes@gmail.com,police officer
277,Susan,Azeria,Susan.Azeria@yopmail.com,Susan.Azeria@gmail.com,firefighter
278,Briney,Berl,Briney.Berl@yopmail.com,Briney.Berl@gmail.com,doctor
279,Tarra,Aprile,Tarra.Aprile@yopmail.com,Tarra.Aprile@gmail.com,firefighter
280,Cherrita,Magnolia,Cherrita.Magnolia@yopmail.com,Cherrita.Magnolia@gmail.com,firefighter
281,Doralynne,Ardra,Doralynne.Ardra@yopmail.com,Doralynne.Ardra@gmail.com,police officer
282,Elie,Phaidra,Elie.Phaidra@yopmail.com,Elie.Phaidra@gmail.com,firefighter
283,Aimil,Gillan,Aimil.Gillan@yopmail.com,Aimil.Gillan@gmail.com,firefighter
284,Gusella,Edison,Gusella.Edison@yopmail.com,Gusella.Edison@gmail.com,firefighter
285,Netty,Diogenes,Netty.Diogenes@yopmail.com,Netty.Diogenes@gmail.com,developer
286,Harrietta,Killigrew,Harrietta.Killigrew@yopmail.com,Harrietta.Killigrew@gmail.com,firefighter
287,Audrie,Giff,Audrie.Giff@yopmail.com,Audrie.Giff@gmail.com,worker
288,Lory,Kelula,Lory.Kelula@yopmail.com,Lory.Kelula@gmail.com,worker
289,Brooks,Ariella,Brooks.Ariella@yopmail.com,Brooks.Ariella@gmail.com,firefighter
290,Ilse,Bryna,Ilse.Bryna@yopmail.com,Ilse.Bryna@gmail.com,firefighter
291,Stevana,Concha,Stevana.Concha@yopmail.com,Stevana.Concha@gmail.com,firefighter
292,Lindie,Peonir,Lindie.Peonir@yopmail.com,Lindie.Peonir@gmail.com,police officer
293,Donnie,Kermit,Donnie.Kermit@yopmail.com,Donnie.Kermit@gmail.com,doctor
294,Mignon,Orpah,Mignon.Orpah@yopmail.com,Mignon.Orpah@gmail.com,police officer
295,Ursulina,Erb,Ursulina.Erb@yopmail.com,Ursulina.Erb@gmail.com,police officer
296,Fred,Skell,Fred.Skell@yopmail.com,Fred.Skell@gmail.com,firefighter
297,Calla,Tayib,Calla.Tayib@yopmail.com,Calla.Tayib@gmail.com,worker
298,Vivia,Roche,Vivia.Roche@yopmail.com,Vivia.Roche@gmail.com,doctor
299,Nadine,Roscoe,Nadine.Roscoe@yopmail.com,Nadine.Roscoe@gmail.com,police officer
300,Edith,Kermit,Edith.Kermit@yopmail.com,Edith.Kermit@gmail.com,doctor
301,Keelia,Yerkovich,Keelia.Yerkovich@yopmail.com,Keelia.Yerkovich@gmail.com,police officer
302,Ruthe,Docilla,Ruthe.Docilla@yopmail.com,Ruthe.Docilla@gmail.com,worker
303,Wanda,Germann,Wanda.Germann@yopmail.com,Wanda.Germann@gmail.com,developer
304,Aili,Corrine,Aili.Corrine@yopmail.com,Aili.Corrine@gmail.com,worker
305,Alyssa,Cath,Alyssa.Cath@yopmail.com,Alyssa.Cath@gmail.com,worker
306,Leeanne,Lorenz,Leeanne.Lorenz@yopmail.com,Leeanne.Lorenz@gmail.com,developer
307,Lesly,Virgin,Lesly.Virgin@yopmail.com,Lesly.Virgin@gmail.com,doctor
308,Aryn,Mott,Aryn.Mott@yopmail.com,Aryn.Mott@gmail.com,developer
309,Ardenia,Concha,Ardenia.Concha@yopmail.com,Ardenia.Concha@gmail.com,worker
310,Nessie,Bates,Nessie.Bates@yopmail.com,Nessie.Bates@gmail.com,worker
311,Daune,Hirsch,Daune.Hirsch@yopmail.com,Daune.Hirsch@gmail.com,firefighter
312,Ebonee,Ellerey,Ebonee.Ellerey@yopmail.com,Ebonee.Ellerey@gmail.com,developer
313,Malina,Goddard,Malina.Goddard@yopmail.com,Malina.Goddard@gmail.com,firefighter
314,Maurene,Voletta,Maurene.Voletta@yopmail.com,Maurene.Voletta@gmail.com,developer
315,Cam,Stephie,Cam.Stephie@yopmail.com,Cam.Stephie@gmail.com,firefighter
316,Ulrike,Shelba,Ulrike.Shelba@yopmail.com,Ulrike.Shelba@gmail.com,firefighter
317,Trudie,Zaslow,Trudie.Zaslow@yopmail.com,Trudie.Zaslow@gmail.com,police officer
318,Marnia,Montgomery,Marnia.Montgomery@yopmail.com,Marnia.Montgomery@gmail.com,doctor
319,Karlee,Gaynor,Karlee.Gaynor@yopmail.com,Karlee.Gaynor@gmail.com,doctor
320,Rayna,Grayce,Rayna.Grayce@yopmail.com,Rayna.Grayce@gmail.com,police officer
321,Lacie,Yate,Lacie.Yate@yopmail.com,Lacie.Yate@gmail.com,developer
322,Sam,Chandler,Sam.Chandler@yopmail.com,Sam.Chandler@gmail.com,developer
323,Libbie,Jerold,Libbie.Jerold@yopmail.com,Libbie.Jerold@gmail.com,firefighter
324,Anestassia,Raimondo,Anestassia.Raimondo@yopmail.com,Anestassia.Raimondo@gmail.com,police officer
325,Mariele,Eben,Mariele.Eben@yopmail.com,Mariele.Eben@gmail.com,developer
326,Babita,Nerita,Babita.Nerita@yopmail.com,Babita.Nerita@gmail.com,developer
327,Clementine,Merna,Clementine.Merna@yopmail.com,Clementine.Merna@gmail.com,worker
328,Claudina,Hurley,Claudina.Hurley@yopmail.com,Claudina.Hurley@gmail.com,firefighter
329,Hayley,Vary,Hayley.Vary@yopmail.com,Hayley.Vary@gmail.com,developer
330,Claudina,Wenda,Claudina.Wenda@yopmail.com,Claudina.Wenda@gmail.com,police officer
331,Kirstin,Behre,Kirstin.Behre@yopmail.com,Kirstin.Behre@gmail.com,doctor
332,Rubie,Rodmann,Rubie.Rodmann@yopmail.com,Rubie.Rodmann@gmail.com,worker
333,Eadie,Astra,Eadie.Astra@yopmail.com,Eadie.Astra@gmail.com,doctor
334,Netty,Sothena,Netty.Sothena@yopmail.com,Netty.Sothena@gmail.com,worker
335,Minda,Decato,Minda.Decato@yopmail.com,Minda.Decato@gmail.com,developer
336,Norine,Janene,Norine.Janene@yopmail.com,Norine.Janene@gmail.com,police officer
337,Aryn,Aprile,Aryn.Aprile@yopmail.com,Aryn.Aprile@gmail.com,worker
338,Kayla,Elvyn,Kayla.Elvyn@yopmail.com,Kayla.Elvyn@gmail.com,worker
339,Darci,Publia,Darci.Publia@yopmail.com,Darci.Publia@gmail.com,police officer
340,Stacey,Elo,Stacey.Elo@yopmail.com,Stacey.Elo@gmail.com,firefighter
341,Fina,Olympium,Fina.Olympium@yopmail.com,Fina.Olympium@gmail.com,developer
342,Gerianna,Astra,Gerianna.Astra@yopmail.com,Gerianna.Astra@gmail.com,police officer
343,Lynea,Havens,Lynea.Havens@yopmail.com,Lynea.Havens@gmail.com,worker
344,Allis,Riordan,Allis.Riordan@yopmail.com,Allis.Riordan@gmail.com,doctor
345,Sam,Loeb,Sam.Loeb@yopmail.com,Sam.Loeb@gmail.com,worker
346,Marjie,Orpah,Marjie.Orpah@yopmail.com,Marjie.Orpah@gmail.com,developer
347,Kore,Kamaria,Kore.Kamaria@yopmail.com,Kore.Kamaria@gmail.com,developer
348,Halette,Cyrie,Halette.Cyrie@yopmail.com,Halette.Cyrie@gmail.com,firefighter
349,Vevay,Firmin,Vevay.Firmin@yopmail.com,Vevay.Firmin@gmail.com,firefighter
350,Zia,Iphlgenia,Zia.Iphlgenia@yopmail.com,Zia.Iphlgenia@gmail.com,doctor
351,Madalyn,Ball,Madalyn.Ball@yopmail.com,Madalyn.Ball@gmail.com,developer
352,Desirae,Allys,Desirae.Allys@yopmail.com,Desirae.Allys@gmail.com,firefighter
353,Albertina,Karylin,Albertina.Karylin@yopmail.com,Albertina.Karylin@gmail.com,worker
354,Emylee,Nester,Emylee.Nester@yopmail.com,Emylee.Nester@gmail.com,developer
355,Kelly,Ade,Kelly.Ade@yopmail.com,Kelly.Ade@gmail.com,worker
356,Wileen,Kiyoshi,Wileen.Kiyoshi@yopmail.com,Wileen.Kiyoshi@gmail.com,developer
357,Emmey,Alejoa,Emmey.Alejoa@yopmail.com,Emmey.Alejoa@gmail.com,police officer
358,Lynea,Kussell,Lynea.Kussell@yopmail.com,Lynea.Kussell@gmail.com,doctor
359,Orelia,Fennessy,Orelia.Fennessy@yopmail.com,Orelia.Fennessy@gmail.com,worker
360,Ronna,Phyllis,Ronna.Phyllis@yopmail.com,Ronna.Phyllis@gmail.com,developer
361,Dari,Bakerman,Dari.Bakerman@yopmail.com,Dari.Bakerman@gmail.com,police officer
362,Roseline,Septima,Roseline.Septima@yopmail.com,Roseline.Septima@gmail.com,police officer
363,Cathie,Nance,Cathie.Nance@yopmail.com,Cathie.Nance@gmail.com,doctor
364,Harmonia,Karylin,Harmonia.Karylin@yopmail.com,Harmonia.Karylin@gmail.com,worker
365,Lelah,Means,Lelah.Means@yopmail.com,Lelah.Means@gmail.com,doctor
366,Jacquetta,Pernick,Jacquetta.Pernick@yopmail.com,Jacquetta.Pernick@gmail.com,police officer
367,Tani,Fontana,Tani.Fontana@yopmail.com,Tani.Fontana@gmail.com,developer
368,Andree,Amadas,Andree.Amadas@yopmail.com,Andree.Amadas@gmail.com,police officer
369,Donnie,Yorick,Donnie.Yorick@yopmail.com,Donnie.Yorick@gmail.com,developer
370,Debee,Trace,Debee.Trace@yopmail.com,Debee.Trace@gmail.com,doctor
371,Hope,Malina,Hope.Malina@yopmail.com,Hope.Malina@gmail.com,police officer
372,Delilah,Uird,Delilah.Uird@yopmail.com,Delilah.Uird@gmail.com,worker
373,Fredericka,Alfons,Fredericka.Alfons@yopmail.com,Fredericka.Alfons@gmail.com,firefighter
374,Fawne,Louanna,Fawne.Louanna@yopmail.com,Fawne.Louanna@gmail.com,developer
375,Bobinette,Bertold,Bobinette.Bertold@yopmail.com,Bobinette.Bertold@gmail.com,police officer
376,Delilah,Valerio,Delilah.Valerio@yopmail.com,Delilah.Valerio@gmail.com,firefighter
377,Amara,Hanshaw,Amara.Hanshaw@yopmail.com,Amara.Hanshaw@gmail.com,firefighter
378,Elbertina,Bibi,Elbertina.Bibi@yopmail.com,Elbertina.Bibi@gmail.com,police officer
379,Tami,Pettiford,Tami.Pettiford@yopmail.com,Tami.Pettiford@gmail.com,worker
380,Olwen,Harl,Olwen.Harl@yopmail.com,Olwen.Harl@gmail.com,worker
381,Marsiella,Yuille,Marsiella.Yuille@yopmail.com,Marsiella.Yuille@gmail.com,worker
382,Caritta,Rubie,Caritta.Rubie@yopmail.com,Caritta.Rubie@gmail.com,firefighter
383,Albertina,Emanuel,Albertina.Emanuel@yopmail.com,Albertina.Emanuel@gmail.com,police officer
384,Sean,Lubin,Sean.Lubin@yopmail.com,Sean.Lubin@gmail.com,doctor
385,Tatiania,Durware,Tatiania.Durware@yopmail.com,Tatiania.Durware@gmail.com,firefighter
386,Sidoney,Zetta,Sidoney.Zetta@yopmail.com,Sidoney.Zetta@gmail.com,police officer
387,Kayla,Deny,Kayla.Deny@yopmail.com,Kayla.Deny@gmail.com,developer
388,Marti,Nea,Marti.Nea@yopmail.com,Marti.Nea@gmail.com,developer
389,Willetta,Iphlgenia,Willetta.Iphlgenia@yopmail.com,Willetta.Iphlgenia@gmail.com,developer
390,Kylynn,Trinetta,Kylynn.Trinetta@yopmail.com,Kylynn.Trinetta@gmail.com,developer
391,Grier,Chabot,Grier.Chabot@yopmail.com,Grier.Chabot@gmail.com,police officer
392,Jacenta,Xerxes,Jacenta.Xerxes@yopmail.com,Jacenta.Xerxes@gmail.com,firefighter
393,Rubie,Harriman,Rubie.Harriman@yopmail.com,Rubie.Harriman@gmail.com,developer
394,Stephanie,Martguerita,Stephanie.Martguerita@yopmail.com,Stephanie.Martguerita@gmail.com,developer
395,Emma,Breed,Emma.Breed@yopmail.com,Emma.Breed@gmail.com,police officer
396,Tatiania,Annabella,Tatiania.Annabella@yopmail.com,Tatiania.Annabella@gmail.com,developer
397,Nadine,Shaver,Nadine.Shaver@yopmail.com,Nadine.Shaver@gmail.com,firefighter
398,Collen,Karna,Collen.Karna@yopmail.com,Collen.Karna@gmail.com,doctor
399,Esmeralda,Smitt,Esmeralda.Smitt@yopmail.com,Esmeralda.Smitt@gmail.com,police officer
400,Roslyn,Grimbly,Roslyn.Grimbly@yopmail.com,Roslyn.Grimbly@gmail.com,firefighter
401,Devina,Dunkin,Devina.Dunkin@yopmail.com,Devina.Dunkin@gmail.com,police officer
402,Chrystel,Gino,Chrystel.Gino@yopmail.com,Chrystel.Gino@gmail.com,firefighter
403,Marylou,Niles,Marylou.Niles@yopmail.com,Marylou.Niles@gmail.com,developer
404,Randa,Nicoline,Randa.Nicoline@yopmail.com,Randa.Nicoline@gmail.com,police officer
405,Malina,Harriman,Malina.Harriman@yopmail.com,Malina.Harriman@gmail.com,developer
406,Bobbi,Abernon,Bobbi.Abernon@yopmail.com,Bobbi.Abernon@gmail.com,doctor
407,Tami,MacIntosh,Tami.MacIntosh@yopmail.com,Tami.MacIntosh@gmail.com,firefighter
408,Bill,Claudine,Bill.Claudine@yopmail.com,Bill.Claudine@gmail.com,doctor
409,Alyssa,Schroth,Alyssa.Schroth@yopmail.com,Alyssa.Schroth@gmail.com,developer
410,Tera,Dowski,Tera.Dowski@yopmail.com,Tera.Dowski@gmail.com,worker
411,Ileana,Croix,Ileana.Croix@yopmail.com,Ileana.Croix@gmail.com,police officer
412,Calla,Stuart,Calla.Stuart@yopmail.com,Calla.Stuart@gmail.com,worker
413,Norine,Phi,Norine.Phi@yopmail.com,Norine.Phi@gmail.com,worker
414,Alleen,Felecia,Alleen.Felecia@yopmail.com,Alleen.Felecia@gmail.com,developer
415,Iseabal,Ahab,Iseabal.Ahab@yopmail.com,Iseabal.Ahab@gmail.com,worker
416,Alyda,Firmin,Alyda.Firmin@yopmail.com,Alyda.Firmin@gmail.com,developer
417,Melina,Edison,Melina.Edison@yopmail.com,Melina.Edison@gmail.com,worker
418,Quintina,Matthew,Quintina.Matthew@yopmail.com,Quintina.Matthew@gmail.com,doctor
419,Dale,Thad,Dale.Thad@yopmail.com,Dale.Thad@gmail.com,firefighter
420,Catrina,Gilbertson,Catrina.Gilbertson@yopmail.com,Catrina.Gilbertson@gmail.com,firefighter
421,Damaris,Jaylene,Damaris.Jaylene@yopmail.com,Damaris.Jaylene@gmail.com,police officer
422,Linzy,Duwalt,Linzy.Duwalt@yopmail.com,Linzy.Duwalt@gmail.com,doctor
423,Christy,Turne,Christy.Turne@yopmail.com,Christy.Turne@gmail.com,developer
424,Albertina,Vittoria,Albertina.Vittoria@yopmail.com,Albertina.Vittoria@gmail.com,police officer
425,Juliane,Weitman,Juliane.Weitman@yopmail.com,Juliane.Weitman@gmail.com,developer
426,Jasmina,Bigner,Jasmina.Bigner@yopmail.com,Jasmina.Bigner@gmail.com,developer
427,Monika,Swigart,Monika.Swigart@yopmail.com,Monika.Swigart@gmail.com,worker
428,Melanie,Quinn,Melanie.Quinn@yopmail.com,Melanie.Quinn@gmail.com,worker
429,Robinia,Kress,Robinia.Kress@yopmail.com,Robinia.Kress@gmail.com,doctor
430,Tonia,Jacqui,Tonia.Jacqui@yopmail.com,Tonia.Jacqui@gmail.com,worker
431,Sharlene,Kirstin,Sharlene.Kirstin@yopmail.com,Sharlene.Kirstin@gmail.com,police officer
432,Sean,O'Neill,Sean.O'Neill@yopmail.com,Sean.O'Neill@gmail.com,doctor
433,Demetris,Erich,Demetris.Erich@yopmail.com,Demetris.Erich@gmail.com,police officer
434,Wileen,Natica,Wileen.Natica@yopmail.com,Wileen.Natica@gmail.com,doctor
435,Loree,Ranjiv,Loree.Ranjiv@yopmail.com,Loree.Ranjiv@gmail.com,firefighter
436,Larine,Chobot,Larine.Chobot@yopmail.com,Larine.Chobot@gmail.com,doctor
437,Daryl,Si,Daryl.Si@yopmail.com,Daryl.Si@gmail.com,doctor
438,Amii,Hillel,Amii.Hillel@yopmail.com,Amii.Hillel@gmail.com,developer
439,Mary,Anselmi,Mary.Anselmi@yopmail.com,Mary.Anselmi@gmail.com,doctor
440,Nonnah,Erb,Nonnah.Erb@yopmail.com,Nonnah.Erb@gmail.com,police officer
441,Alameda,Narton,Alameda.Narton@yopmail.com,Alameda.Narton@gmail.com,worker
442,Penelopa,Aurelio,Penelopa.Aurelio@yopmail.com,Penelopa.Aurelio@gmail.com,developer
443,Henriette,Hepsibah,Henriette.Hepsibah@yopmail.com,Henriette.Hepsibah@gmail.com,firefighter
444,Queenie,Ader,Queenie.Ader@yopmail.com,Queenie.Ader@gmail.com,firefighter
445,Catrina,Rosemary,Catrina.Rosemary@yopmail.com,Catrina.Rosemary@gmail.com,doctor
446,Cam,Raseda,Cam.Raseda@yopmail.com,Cam.Raseda@gmail.com,firefighter
447,Ulrike,McCutcheon,Ulrike.McCutcheon@yopmail.com,Ulrike.McCutcheon@gmail.com,police officer
448,Chere,Dom,Chere.Dom@yopmail.com,Chere.Dom@gmail.com,firefighter
449,Kerrin,Prouty,Kerrin.Prouty@yopmail.com,Kerrin.Prouty@gmail.com,police officer
450,Marylou,Hunfredo,Marylou.Hunfredo@yopmail.com,Marylou.Hunfredo@gmail.com,doctor
451,Kate,Norvol,Kate.Norvol@yopmail.com,Kate.Norvol@gmail.com,doctor
452,June,Brieta,June.Brieta@yopmail.com,June.Brieta@gmail.com,doctor
453,Margalo,Sekofski,Margalo.Sekofski@yopmail.com,Margalo.Sekofski@gmail.com,firefighter
454,Alameda,Newell,Alameda.Newell@yopmail.com,Alameda.Newell@gmail.com,worker
455,Gloria,Cavan,Gloria.Cavan@yopmail.com,Gloria.Cavan@gmail.com,firefighter
456,Vinita,Kirbee,Vinita.Kirbee@yopmail.com,Vinita.Kirbee@gmail.com,firefighter
457,Frances,Tomasina,Frances.Tomasina@yopmail.com,Frances.Tomasina@gmail.com,developer
458,Cristabel,Morrill,Cristabel.Morrill@yopmail.com,Cristabel.Morrill@gmail.com,worker
459,Sheree,Center,Sheree.Center@yopmail.com,Sheree.Center@gmail.com,doctor
460,Veda,Anis,Veda.Anis@yopmail.com,Veda.Anis@gmail.com,firefighter
461,Stacey,Levey,Stacey.Levey@yopmail.com,Stacey.Levey@gmail.com,doctor
462,Cyb,Kalinda,Cyb.Kalinda@yopmail.com,Cyb.Kalinda@gmail.com,developer
463,Leontine,Kunin,Leontine.Kunin@yopmail.com,Leontine.Kunin@gmail.com,firefighter
464,Celestyna,Sandye,Celestyna.Sandye@yopmail.com,Celestyna.Sandye@gmail.com,doctor
465,Amalie,Nunci,Amalie.Nunci@yopmail.com,Amalie.Nunci@gmail.com,developer
466,Teriann,Aldric,Teriann.Aldric@yopmail.com,Teriann.Aldric@gmail.com,police officer
467,Imojean,Stevy,Imojean.Stevy@yopmail.com,Imojean.Stevy@gmail.com,doctor
468,Basia,Kellby,Basia.Kellby@yopmail.com,Basia.Kellby@gmail.com,firefighter
469,Lynea,Gavrila,Lynea.Gavrila@yopmail.com,Lynea.Gavrila@gmail.com,developer
470,Clementine,Helfand,Clementine.Helfand@yopmail.com,Clementine.Helfand@gmail.com,police officer
471,Margette,Bollay,Margette.Bollay@yopmail.com,Margette.Bollay@gmail.com,firefighter
472,Karlee,Holtz,Karlee.Holtz@yopmail.com,Karlee.Holtz@gmail.com,doctor
473,Kittie,Pernick,Kittie.Pernick@yopmail.com,Kittie.Pernick@gmail.com,developer
474,Lanna,Kinnard,Lanna.Kinnard@yopmail.com,Lanna.Kinnard@gmail.com,police officer
475,Hallie,Natica,Hallie.Natica@yopmail.com,Hallie.Natica@gmail.com,worker
476,Lisette,Randene,Lisette.Randene@yopmail.com,Lisette.Randene@gmail.com,worker
477,Carree,Penelopa,Carree.Penelopa@yopmail.com,Carree.Penelopa@gmail.com,developer
478,Corry,Saree,Corry.Saree@yopmail.com,Corry.Saree@gmail.com,worker
479,Starla,Danby,Starla.Danby@yopmail.com,Starla.Danby@gmail.com,doctor
480,Ileana,Eliathas,Ileana.Eliathas@yopmail.com,Ileana.Eliathas@gmail.com,police officer
481,Dari,Jaylene,Dari.Jaylene@yopmail.com,Dari.Jaylene@gmail.com,worker
482,Mureil,Goth,Mureil.Goth@yopmail.com,Mureil.Goth@gmail.com,developer
483,Nollie,Fennessy,Nollie.Fennessy@yopmail.com,Nollie.Fennessy@gmail.com,firefighter
484,Celisse,Primalia,Celisse.Primalia@yopmail.com,Celisse.Primalia@gmail.com,police officer
485,Merci,Chem,Merci.Chem@yopmail.com,Merci.Chem@gmail.com,doctor
486,Morganica,Kinnard,Morganica.Kinnard@yopmail.com,Morganica.Kinnard@gmail.com,worker
487,Trixi,Lauraine,Trixi.Lauraine@yopmail.com,Trixi.Lauraine@gmail.com,police officer
488,Emilia,Chobot,Emilia.Chobot@yopmail.com,Emilia.Chobot@gmail.com,worker
489,Annaliese,Bultman,Annaliese.Bultman@yopmail.com,Annaliese.Bultman@gmail.com,firefighter
490,Evaleen,Lauraine,Evaleen.Lauraine@yopmail.com,Evaleen.Lauraine@gmail.com,developer
491,Asia,Publia,Asia.Publia@yopmail.com,Asia.Publia@gmail.com,firefighter
492,Karly,Adrienne,Karly.Adrienne@yopmail.com,Karly.Adrienne@gmail.com,developer
493,Cristine,Berne,Cristine.Berne@yopmail.com,Cristine.Berne@gmail.com,firefighter
494,Emmey,Reidar,Emmey.Reidar@yopmail.com,Emmey.Reidar@gmail.com,firefighter
495,Lyssa,Loring,Lyssa.Loring@yopmail.com,Lyssa.Loring@gmail.com,worker
496,Tina,Anton,Tina.Anton@yopmail.com,Tina.Anton@gmail.com,firefighter
497,Robbi,Cookie,Robbi.Cookie@yopmail.com,Robbi.Cookie@gmail.com,doctor
498,Ingrid,Elvyn,Ingrid.Elvyn@yopmail.com,Ingrid.Elvyn@gmail.com,firefighter
499,Roslyn,Girardo,Roslyn.Girardo@yopmail.com,Roslyn.Girardo@gmail.com,doctor
500,Allyce,Shama,Allyce.Shama@yopmail.com,Allyce.Shama@gmail.com,doctor
501,Isa,Rugen,Isa.Rugen@yopmail.com,Isa.Rugen@gmail.com,doctor
502,Tybie,Modie,Tybie.Modie@yopmail.com,Tybie.Modie@gmail.com,police officer
503,Pierette,Cassius,Pierette.Cassius@yopmail.com,Pierette.Cassius@gmail.com,doctor
504,Melisent,Brenn,Melisent.Brenn@yopmail.com,Melisent.Brenn@gmail.com,worker
505,Iseabal,Weitman,Iseabal.Weitman@yopmail.com,Iseabal.Weitman@gmail.com,doctor
506,Neila,Euridice,Neila.Euridice@yopmail.com,Neila.Euridice@gmail.com,police officer
507,Ira,Florina,Ira.Florina@yopmail.com,Ira.Florina@gmail.com,firefighter
508,Robinia,Kathie,Robinia.Kathie@yopmail.com,Robinia.Kathie@gmail.com,doctor
509,Babita,Loring,Babita.Loring@yopmail.com,Babita.Loring@gmail.com,firefighter
510,Cam,Hartnett,Cam.Hartnett@yopmail.com,Cam.Hartnett@gmail.com,developer
511,Annecorinne,Tillford,Annecorinne.Tillford@yopmail.com,Annecorinne.Tillford@gmail.com,developer
512,Rebeca,Chick,Rebeca.Chick@yopmail.com,Rebeca.Chick@gmail.com,firefighter
513,Deane,Nore,Deane.Nore@yopmail.com,Deane.Nore@gmail.com,doctor
514,Caryl,Cookie,Caryl.Cookie@yopmail.com,Caryl.Cookie@gmail.com,worker
515,Corry,Tamar,Corry.Tamar@yopmail.com,Corry.Tamar@gmail.com,police officer
516,Elbertina,Reinke,Elbertina.Reinke@yopmail.com,Elbertina.Reinke@gmail.com,police officer
517,Yetty,My,Yetty.My@yopmail.com,Yetty.My@gmail.com,developer
518,Fanchon,Tice,Fanchon.Tice@yopmail.com,Fanchon.Tice@gmail.com,doctor
519,Dominga,Anis,Dominga.Anis@yopmail.com,Dominga.Anis@gmail.com,doctor
520,Caryl,Olnee,Caryl.Olnee@yopmail.com,Caryl.Olnee@gmail.com,firefighter
521,Eolanda,Berl,Eolanda.Berl@yopmail.com,Eolanda.Berl@gmail.com,developer
522,Lauryn,Smitt,Lauryn.Smitt@yopmail.com,Lauryn.Smitt@gmail.com,firefighter
523,Claudina,Candy,Claudina.Candy@yopmail.com,Claudina.Candy@gmail.com,developer
524,Teriann,Neils,Teriann.Neils@yopmail.com,Teriann.Neils@gmail.com,doctor
525,Selma,Shirberg,Selma.Shirberg@yopmail.com,Selma.Shirberg@gmail.com,police officer
526,Ermengarde,McLaughlin,Ermengarde.McLaughlin@yopmail.com,Ermengarde.McLaughlin@gmail.com,doctor
527,Kirbee,Mott,Kirbee.Mott@yopmail.com,Kirbee.Mott@gmail.com,developer
528,Dorice,Jaylene,Dorice.Jaylene@yopmail.com,Dorice.Jaylene@gmail.com,firefighter
529,Charissa,Doig,Charissa.Doig@yopmail.com,Charissa.Doig@gmail.com,developer
530,Melisent,Granoff,Melisent.Granoff@yopmail.com,Melisent.Granoff@gmail.com,developer
531,Hayley,Borrell,Hayley.Borrell@yopmail.com,Hayley.Borrell@gmail.com,developer
532,Camile,Jacinda,Camile.Jacinda@yopmail.com,Camile.Jacinda@gmail.com,worker
533,Marsiella,Gamaliel,Marsiella.Gamaliel@yopmail.com,Marsiella.Gamaliel@gmail.com,developer
534,Nita,Birdella,Nita.Birdella@yopmail.com,Nita.Birdella@gmail.com,doctor
535,Grier,Pip,Grier.Pip@yopmail.com,Grier.Pip@gmail.com,doctor
536,Dorothy,Lewes,Dorothy.Lewes@yopmail.com,Dorothy.Lewes@gmail.com,doctor
537,Celisse,Erb,Celisse.Erb@yopmail.com,Celisse.Erb@gmail.com,developer
538,Kirstin,Ramona,Kirstin.Ramona@yopmail.com,Kirstin.Ramona@gmail.com,firefighter
539,Jennica,Raychel,Jennica.Raychel@yopmail.com,Jennica.Raychel@gmail.com,worker
540,Jacenta,Melan,Jacenta.Melan@yopmail.com,Jacenta.Melan@gmail.com,worker
541,Annecorinne,Uird,Annecorinne.Uird@yopmail.com,Annecorinne.Uird@gmail.com,firefighter
542,Paule,Linehan,Paule.Linehan@yopmail.com,Paule.Linehan@gmail.com,worker
543,Renae,Brittani,Renae.Brittani@yopmail.com,Renae.Brittani@gmail.com,doctor
544,Pierette,Salchunas,Pierette.Salchunas@yopmail.com,Pierette.Salchunas@gmail.com,developer
545,Ana,Pozzy,Ana.Pozzy@yopmail.com,Ana.Pozzy@gmail.com,developer
546,Aryn,Daveta,Aryn.Daveta@yopmail.com,Aryn.Daveta@gmail.com,police officer
547,Mildrid,Serilda,Mildrid.Serilda@yopmail.com,Mildrid.Serilda@gmail.com,developer
548,Doralynne,Natica,Doralynne.Natica@yopmail.com,Doralynne.Natica@gmail.com,police officer
549,Courtnay,Barbey,Courtnay.Barbey@yopmail.com,Courtnay.Barbey@gmail.com,firefighter
550,Rosanne,Nerita,Rosanne.Nerita@yopmail.com,Rosanne.Nerita@gmail.com,police officer
551,Corry,Grobe,Corry.Grobe@yopmail.com,Corry.Grobe@gmail.com,doctor
552,Justinn,Cleavland,Justinn.Cleavland@yopmail.com,Justinn.Cleavland@gmail.com,police officer
553,Keelia,Pernick,Keelia.Pernick@yopmail.com,Keelia.Pernick@gmail.com,worker
554,Celene,Thunell,Celene.Thunell@yopmail.com,Celene.Thunell@gmail.com,firefighter
555,Libbie,Voletta,Libbie.Voletta@yopmail.com,Libbie.Voletta@gmail.com,police officer
556,Felice,Miru,Felice.Miru@yopmail.com,Felice.Miru@gmail.com,worker
557,Deane,Zrike,Deane.Zrike@yopmail.com,Deane.Zrike@gmail.com,developer
558,Lorne,Kelula,Lorne.Kelula@yopmail.com,Lorne.Kelula@gmail.com,worker
559,Petronia,Cornelia,Petronia.Cornelia@yopmail.com,Petronia.Cornelia@gmail.com,firefighter
560,Gilligan,Sherrie,Gilligan.Sherrie@yopmail.com,Gilligan.Sherrie@gmail.com,firefighter
561,Marguerite,Harl,Marguerite.Harl@yopmail.com,Marguerite.Harl@gmail.com,worker
562,Jenda,Poppy,Jenda.Poppy@yopmail.com,Jenda.Poppy@gmail.com,developer
563,Claudina,Milson,Claudina.Milson@yopmail.com,Claudina.Milson@gmail.com,doctor
564,Candy,Martguerita,Candy.Martguerita@yopmail.com,Candy.Martguerita@gmail.com,worker
565,Margalo,Salchunas,Margalo.Salchunas@yopmail.com,Margalo.Salchunas@gmail.com,worker
566,Yolane,Plato,Yolane.Plato@yopmail.com,Yolane.Plato@gmail.com,doctor
567,Max,Jorgan,Max.Jorgan@yopmail.com,Max.Jorgan@gmail.com,worker
568,Roxane,Gusella,Roxane.Gusella@yopmail.com,Roxane.Gusella@gmail.com,police officer
569,Dorice,Henebry,Dorice.Henebry@yopmail.com,Dorice.Henebry@gmail.com,police officer
570,Jean,Kolnick,Jean.Kolnick@yopmail.com,Jean.Kolnick@gmail.com,police officer
571,Dulce,Ochs,Dulce.Ochs@yopmail.com,Dulce.Ochs@gmail.com,doctor
572,Elyssa,Capello,Elyssa.Capello@yopmail.com,Elyssa.Capello@gmail.com,police officer
573,Marguerite,Pond,Marguerite.Pond@yopmail.com,Marguerite.Pond@gmail.com,developer
574,Nerta,Serilda,Nerta.Serilda@yopmail.com,Nerta.Serilda@gmail.com,police officer
575,Hermione,Lubin,Hermione.Lubin@yopmail.com,Hermione.Lubin@gmail.com,worker
576,Daryl,Carvey,Daryl.Carvey@yopmail.com,Daryl.Carvey@gmail.com,police officer
577,Olivette,Naashom,Olivette.Naashom@yopmail.com,Olivette.Naashom@gmail.com,worker
578,Alexine,Pascia,Alexine.Pascia@yopmail.com,Alexine.Pascia@gmail.com,doctor
579,Hermione,Cookie,Hermione.Cookie@yopmail.com,Hermione.Cookie@gmail.com,worker
580,Marinna,Knowling,Marinna.Knowling@yopmail.com,Marinna.Knowling@gmail.com,worker
581,Gisela,Zeeba,Gisela.Zeeba@yopmail.com,Gisela.Zeeba@gmail.com,police officer
582,Cristabel,Lia,Cristabel.Lia@yopmail.com,Cristabel.Lia@gmail.com,police officer
583,Tami,Eugenia,Tami.Eugenia@yopmail.com,Tami.Eugenia@gmail.com,worker
584,Lisette,My,Lisette.My@yopmail.com,Lisette.My@gmail.com,firefighter
585,Selia,Terrence,Selia.Terrence@yopmail.com,Selia.Terrence@gmail.com,developer
586,Jerry,Zrike,Jerry.Zrike@yopmail.com,Jerry.Zrike@gmail.com,police officer
587,Mignon,Westphal,Mignon.Westphal@yopmail.com,Mignon.Westphal@gmail.com,firefighter
588,Evita,Rhu,Evita.Rhu@yopmail.com,Evita.Rhu@gmail.com,doctor
589,Gwenneth,Thad,Gwenneth.Thad@yopmail.com,Gwenneth.Thad@gmail.com,developer
590,Giustina,Ezar,Giustina.Ezar@yopmail.com,Giustina.Ezar@gmail.com,worker
591,Tressa,Astra,Tressa.Astra@yopmail.com,Tressa.Astra@gmail.com,doctor
592,Kaja,Shaver,Kaja.Shaver@yopmail.com,Kaja.Shaver@gmail.com,firefighter
593,Kassey,Tatianas,Kassey.Tatianas@yopmail.com,Kassey.Tatianas@gmail.com,doctor
594,Adelle,Ellord,Adelle.Ellord@yopmail.com,Adelle.Ellord@gmail.com,police officer
595,Meriel,Claudine,Meriel.Claudine@yopmail.com,Meriel.Claudine@gmail.com,doctor
596,Courtnay,Anestassia,Courtnay.Anestassia@yopmail.com,Courtnay.Anestassia@gmail.com,developer
597,Vanessa,Marlie,Vanessa.Marlie@yopmail.com,Vanessa.Marlie@gmail.com,developer
598,Amelia,Emmaline,Amelia.Emmaline@yopmail.com,Amelia.Emmaline@gmail.com,police officer
599,Micheline,Hartnett,Micheline.Hartnett@yopmail.com,Micheline.Hartnett@gmail.com,firefighter
600,Ayn,Goerke,Ayn.Goerke@yopmail.com,Ayn.Goerke@gmail.com,doctor
601,Hannis,Blake,Hannis.Blake@yopmail.com,Hannis.Blake@gmail.com,developer
602,Devina,Kirstin,Devina.Kirstin@yopmail.com,Devina.Kirstin@gmail.com,worker
603,Desirae,Zenas,Desirae.Zenas@yopmail.com,Desirae.Zenas@gmail.com,doctor
604,Janis,Aida,Janis.Aida@yopmail.com,Janis.Aida@gmail.com,worker
605,Emylee,Lemuela,Emylee.Lemuela@yopmail.com,Emylee.Lemuela@gmail.com,developer
606,Esmeralda,Miru,Esmeralda.Miru@yopmail.com,Esmeralda.Miru@gmail.com,worker
607,Cordi,Emmy,Cordi.Emmy@yopmail.com,Cordi.Emmy@gmail.com,firefighter
608,Elmira,Seligman,Elmira.Seligman@yopmail.com,Elmira.Seligman@gmail.com,worker
609,Lynde,Publia,Lynde.Publia@yopmail.com,Lynde.Publia@gmail.com,firefighter
610,Loree,Nelsen,Loree.Nelsen@yopmail.com,Loree.Nelsen@gmail.com,police officer
611,June,Kalinda,June.Kalinda@yopmail.com,June.Kalinda@gmail.com,worker
612,Peri,Naor,Peri.Naor@yopmail.com,Peri.Naor@gmail.com,firefighter
613,Lulita,Vary,Lulita.Vary@yopmail.com,Lulita.Vary@gmail.com,developer
614,Kaja,Clara,Kaja.Clara@yopmail.com,Kaja.Clara@gmail.com,developer
615,Shannah,Millda,Shannah.Millda@yopmail.com,Shannah.Millda@gmail.com,firefighter
616,Phedra,Randene,Phedra.Randene@yopmail.com,Phedra.Randene@gmail.com,developer
617,Lynde,Aida,Lynde.Aida@yopmail.com,Lynde.Aida@gmail.com,firefighter
618,Annora,Callista,Annora.Callista@yopmail.com,Annora.Callista@gmail.com,doctor
619,Annecorinne,Ludewig,Annecorinne.Ludewig@yopmail.com,Annecorinne.Ludewig@gmail.com,police officer
620,Cordi,Christal,Cordi.Christal@yopmail.com,Cordi.Christal@gmail.com,developer
621,Kelly,Nadia,Kelly.Nadia@yopmail.com,Kelly.Nadia@gmail.com,firefighter
622,Theodora,Vastah,Theodora.Vastah@yopmail.com,Theodora.Vastah@gmail.com,firefighter
623,Mellicent,Gwenore,Mellicent.Gwenore@yopmail.com,Mellicent.Gwenore@gmail.com,doctor
624,Queenie,Hunfredo,Queenie.Hunfredo@yopmail.com,Queenie.Hunfredo@gmail.com,worker
625,Vonny,Kamaria,Vonny.Kamaria@yopmail.com,Vonny.Kamaria@gmail.com,firefighter
626,Rubie,Mata,Rubie.Mata@yopmail.com,Rubie.Mata@gmail.com,worker
627,Kathi,Yuille,Kathi.Yuille@yopmail.com,Kathi.Yuille@gmail.com,police officer
628,Kaja,Vernier,Kaja.Vernier@yopmail.com,Kaja.Vernier@gmail.com,firefighter
629,Marleah,Stilwell,Marleah.Stilwell@yopmail.com,Marleah.Stilwell@gmail.com,worker
630,Monika,Ramona,Monika.Ramona@yopmail.com,Monika.Ramona@gmail.com,police officer
631,Sharai,Allys,Sharai.Allys@yopmail.com,Sharai.Allys@gmail.com,police officer
632,Mady,Lilybelle,Mady.Lilybelle@yopmail.com,Mady.Lilybelle@gmail.com,worker
633,Sophia,Remmer,Sophia.Remmer@yopmail.com,Sophia.Remmer@gmail.com,worker
634,Elsie,Lowry,Elsie.Lowry@yopmail.com,Elsie.Lowry@gmail.com,developer
635,Talya,Gerge,Talya.Gerge@yopmail.com,Talya.Gerge@gmail.com,worker
636,Alia,Sallyann,Alia.Sallyann@yopmail.com,Alia.Sallyann@gmail.com,police officer
637,Annora,Robertson,Annora.Robertson@yopmail.com,Annora.Robertson@gmail.com,developer
638,Alia,Tound,Alia.Tound@yopmail.com,Alia.Tound@gmail.com,firefighter
639,Jolyn,Colbert,Jolyn.Colbert@yopmail.com,Jolyn.Colbert@gmail.com,firefighter
640,Kaia,Kinnard,Kaia.Kinnard@yopmail.com,Kaia.Kinnard@gmail.com,firefighter
641,Leia,Fadiman,Leia.Fadiman@yopmail.com,Leia.Fadiman@gmail.com,developer
642,Belinda,Rosemary,Belinda.Rosemary@yopmail.com,Belinda.Rosemary@gmail.com,doctor
643,Tierney,Hepsibah,Tierney.Hepsibah@yopmail.com,Tierney.Hepsibah@gmail.com,doctor
644,Fidelia,Lesley,Fidelia.Lesley@yopmail.com,Fidelia.Lesley@gmail.com,doctor
645,Daune,Johnsson,Daune.Johnsson@yopmail.com,Daune.Johnsson@gmail.com,developer
646,Clarice,Loring,Clarice.Loring@yopmail.com,Clarice.Loring@gmail.com,developer
647,Siana,Colyer,Siana.Colyer@yopmail.com,Siana.Colyer@gmail.com,developer
648,Babita,Garbe,Babita.Garbe@yopmail.com,Babita.Garbe@gmail.com,developer
649,Kimmy,Euridice,Kimmy.Euridice@yopmail.com,Kimmy.Euridice@gmail.com,worker
650,Glynnis,Lynn,Glynnis.Lynn@yopmail.com,Glynnis.Lynn@gmail.com,developer
651,Karlee,Franza,Karlee.Franza@yopmail.com,Karlee.Franza@gmail.com,police officer
652,Darlleen,Madelene,Darlleen.Madelene@yopmail.com,Darlleen.Madelene@gmail.com,firefighter
653,Kenna,Olnee,Kenna.Olnee@yopmail.com,Kenna.Olnee@gmail.com,doctor
654,Nariko,Gibbeon,Nariko.Gibbeon@yopmail.com,Nariko.Gibbeon@gmail.com,firefighter
655,Viviene,Miru,Viviene.Miru@yopmail.com,Viviene.Miru@gmail.com,developer
656,Molli,Tomasina,Molli.Tomasina@yopmail.com,Molli.Tomasina@gmail.com,firefighter
657,Cordi,Pip,Cordi.Pip@yopmail.com,Cordi.Pip@gmail.com,doctor
658,Corina,Clarissa,Corina.Clarissa@yopmail.com,Corina.Clarissa@gmail.com,doctor
659,Andeee,Chabot,Andeee.Chabot@yopmail.com,Andeee.Chabot@gmail.com,worker
660,Brianna,Fairweather,Brianna.Fairweather@yopmail.com,Brianna.Fairweather@gmail.com,firefighter
661,Arlena,Quinn,Arlena.Quinn@yopmail.com,Arlena.Quinn@gmail.com,firefighter
662,Gui,Lilybelle,Gui.Lilybelle@yopmail.com,Gui.Lilybelle@gmail.com,police officer
663,Therine,Hutchison,Therine.Hutchison@yopmail.com,Therine.Hutchison@gmail.com,doctor
664,Carol-Jean,Judye,Carol-Jean.Judye@yopmail.com,Carol-Jean.Judye@gmail.com,firefighter
665,Giustina,Raama,Giustina.Raama@yopmail.com,Giustina.Raama@gmail.com,worker
666,Cordi,Alva,Cordi.Alva@yopmail.com,Cordi.Alva@gmail.com,worker
667,Marsiella,McClimans,Marsiella.McClimans@yopmail.com,Marsiella.McClimans@gmail.com,doctor
668,Marylou,Swigart,Marylou.Swigart@yopmail.com,Marylou.Swigart@gmail.com,police officer
669,Ulrike,Yorick,Ulrike.Yorick@yopmail.com,Ulrike.Yorick@gmail.com,worker
670,Ileana,O'Carroll,Ileana.O'Carroll@yopmail.com,Ileana.O'Carroll@gmail.com,developer
671,Aigneis,Alfons,Aigneis.Alfons@yopmail.com,Aigneis.Alfons@gmail.com,worker
672,Ruthe,Drisko,Ruthe.Drisko@yopmail.com,Ruthe.Drisko@gmail.com,doctor
673,Pearline,Rhu,Pearline.Rhu@yopmail.com,Pearline.Rhu@gmail.com,firefighter
674,Anthia,Allina,Anthia.Allina@yopmail.com,Anthia.Allina@gmail.com,doctor
675,Alia,Sibyls,Alia.Sibyls@yopmail.com,Alia.Sibyls@gmail.com,doctor
676,Corene,Wiener,Corene.Wiener@yopmail.com,Corene.Wiener@gmail.com,doctor
677,Corene,Amasa,Corene.Amasa@yopmail.com,Corene.Amasa@gmail.com,firefighter
678,Kial,Henrie,Kial.Henrie@yopmail.com,Kial.Henrie@gmail.com,police officer
679,Ricky,Elvyn,Ricky.Elvyn@yopmail.com,Ricky.Elvyn@gmail.com,firefighter
680,Misha,Laurianne,Misha.Laurianne@yopmail.com,Misha.Laurianne@gmail.com,worker
681,Donnie,Lynn,Donnie.Lynn@yopmail.com,Donnie.Lynn@gmail.com,worker
682,Betta,Dorothy,Betta.Dorothy@yopmail.com,Betta.Dorothy@gmail.com,doctor
683,Sallie,Revkah,Sallie.Revkah@yopmail.com,Sallie.Revkah@gmail.com,developer
684,Addia,Ackerley,Addia.Ackerley@yopmail.com,Addia.Ackerley@gmail.com,firefighter
685,Liana,Malvino,Liana.Malvino@yopmail.com,Liana.Malvino@gmail.com,police officer
686,Marsiella,Sparhawk,Marsiella.Sparhawk@yopmail.com,Marsiella.Sparhawk@gmail.com,police officer
687,Darci,Papageno,Darci.Papageno@yopmail.com,Darci.Papageno@gmail.com,developer
688,Sarette,Kosey,Sarette.Kosey@yopmail.com,Sarette.Kosey@gmail.com,developer
689,Vevay,Earlie,Vevay.Earlie@yopmail.com,Vevay.Earlie@gmail.com,developer
690,Emelina,Ade,Emelina.Ade@yopmail.com,Emelina.Ade@gmail.com,worker
691,Kelly,Brady,Kelly.Brady@yopmail.com,Kelly.Brady@gmail.com,doctor
692,Maurene,Harday,Maurene.Harday@yopmail.com,Maurene.Harday@gmail.com,doctor
693,Julieta,Suk,Julieta.Suk@yopmail.com,Julieta.Suk@gmail.com,developer
694,Maridel,Rurik,Maridel.Rurik@yopmail.com,Maridel.Rurik@gmail.com,worker
695,Louella,Fiester,Louella.Fiester@yopmail.com,Louella.Fiester@gmail.com,firefighter
696,Lila,Braun,Lila.Braun@yopmail.com,Lila.Braun@gmail.com,police officer
697,Lynnea,Dreda,Lynnea.Dreda@yopmail.com,Lynnea.Dreda@gmail.com,police officer
698,Lulita,Janene,Lulita.Janene@yopmail.com,Lulita.Janene@gmail.com,developer
699,Reeba,Peg,Reeba.Peg@yopmail.com,Reeba.Peg@gmail.com,developer
700,Odessa,Luhe,Odessa.Luhe@yopmail.com,Odessa.Luhe@gmail.com,police officer
701,Gusella,Nance,Gusella.Nance@yopmail.com,Gusella.Nance@gmail.com,firefighter
702,Annice,Annabella,Annice.Annabella@yopmail.com,Annice.Annabella@gmail.com,doctor
703,Kamilah,Deny,Kamilah.Deny@yopmail.com,Kamilah.Deny@gmail.com,doctor
704,Kial,Thilda,Kial.Thilda@yopmail.com,Kial.Thilda@gmail.com,firefighter
705,Priscilla,Wittie,Priscilla.Wittie@yopmail.com,Priscilla.Wittie@gmail.com,developer
706,Sidoney,Adamsen,Sidoney.Adamsen@yopmail.com,Sidoney.Adamsen@gmail.com,developer
707,Adriana,Sprage,Adriana.Sprage@yopmail.com,Adriana.Sprage@gmail.com,developer
708,Donetta,Granoff,Donetta.Granoff@yopmail.com,Donetta.Granoff@gmail.com,worker
709,Krystle,Dunkin,Krystle.Dunkin@yopmail.com,Krystle.Dunkin@gmail.com,firefighter
710,Dawn,Idelia,Dawn.Idelia@yopmail.com,Dawn.Idelia@gmail.com,doctor
711,Emmey,Allare,Emmey.Allare@yopmail.com,Emmey.Allare@gmail.com,police officer
712,Elena,Vanni,Elena.Vanni@yopmail.com,Elena.Vanni@gmail.com,developer
713,Myriam,Blisse,Myriam.Blisse@yopmail.com,Myriam.Blisse@gmail.com,firefighter
714,Marleah,Baptlsta,Marleah.Baptlsta@yopmail.com,Marleah.Baptlsta@gmail.com,police officer
715,Jan,Janene,Jan.Janene@yopmail.com,Jan.Janene@gmail.com,police officer
716,Michaelina,Boehike,Michaelina.Boehike@yopmail.com,Michaelina.Boehike@gmail.com,police officer
717,Miquela,Hillel,Miquela.Hillel@yopmail.com,Miquela.Hillel@gmail.com,doctor
718,Dode,Toffic,Dode.Toffic@yopmail.com,Dode.Toffic@gmail.com,police officer
719,Danny,Charity,Danny.Charity@yopmail.com,Danny.Charity@gmail.com,firefighter
720,Ulrike,Willie,Ulrike.Willie@yopmail.com,Ulrike.Willie@gmail.com,doctor
721,Dorthy,Even,Dorthy.Even@yopmail.com,Dorthy.Even@gmail.com,worker
722,Jennica,Stephie,Jennica.Stephie@yopmail.com,Jennica.Stephie@gmail.com,police officer
723,Alexine,Charity,Alexine.Charity@yopmail.com,Alexine.Charity@gmail.com,doctor
724,Gaylene,Ader,Gaylene.Ader@yopmail.com,Gaylene.Ader@gmail.com,doctor
725,Gertrud,Bates,Gertrud.Bates@yopmail.com,Gertrud.Bates@gmail.com,police officer
726,Heddie,Schroth,Heddie.Schroth@yopmail.com,Heddie.Schroth@gmail.com,doctor
727,Elfreda,Saree,Elfreda.Saree@yopmail.com,Elfreda.Saree@gmail.com,doctor
728,Dorene,Merna,Dorene.Merna@yopmail.com,Dorene.Merna@gmail.com,doctor
729,Glynnis,Afton,Glynnis.Afton@yopmail.com,Glynnis.Afton@gmail.com,developer
730,Sibella,Milson,Sibella.Milson@yopmail.com,Sibella.Milson@gmail.com,developer
731,Claresta,Reinke,Claresta.Reinke@yopmail.com,Claresta.Reinke@gmail.com,doctor
732,Neila,Francene,Neila.Francene@yopmail.com,Neila.Francene@gmail.com,doctor
733,Frank,Tatianas,Frank.Tatianas@yopmail.com,Frank.Tatianas@gmail.com,police officer
734,Marjie,Lesley,Marjie.Lesley@yopmail.com,Marjie.Lesley@gmail.com,worker
735,Zondra,Cimbura,Zondra.Cimbura@yopmail.com,Zondra.Cimbura@gmail.com,firefighter
736,Karina,Martsen,Karina.Martsen@yopmail.com,Karina.Martsen@gmail.com,firefighter
737,Netty,Georgy,Netty.Georgy@yopmail.com,Netty.Georgy@gmail.com,police officer
738,Carly,Alrich,Carly.Alrich@yopmail.com,Carly.Alrich@gmail.com,police officer
739,Dorice,Ciapas,Dorice.Ciapas@yopmail.com,Dorice.Ciapas@gmail.com,doctor
740,Zia,Ezar,Zia.Ezar@yopmail.com,Zia.Ezar@gmail.com,police officer
741,Stevana,Fairweather,Stevana.Fairweather@yopmail.com,Stevana.Fairweather@gmail.com,developer
742,Deedee,Swanhildas,Deedee.Swanhildas@yopmail.com,Deedee.Swanhildas@gmail.com,firefighter
743,Regina,Laurianne,Regina.Laurianne@yopmail.com,Regina.Laurianne@gmail.com,doctor
744,Tami,Celestine,Tami.Celestine@yopmail.com,Tami.Celestine@gmail.com,doctor
745,Goldie,Prober,Goldie.Prober@yopmail.com,Goldie.Prober@gmail.com,doctor
746,Carolina,Torray,Carolina.Torray@yopmail.com,Carolina.Torray@gmail.com,doctor
747,Marline,Winthorpe,Marline.Winthorpe@yopmail.com,Marline.Winthorpe@gmail.com,doctor
748,Jennica,Dosia,Jennica.Dosia@yopmail.com,Jennica.Dosia@gmail.com,police officer
749,Aaren,Briney,Aaren.Briney@yopmail.com,Aaren.Briney@gmail.com,firefighter
750,Aaren,Taima,Aaren.Taima@yopmail.com,Aaren.Taima@gmail.com,firefighter
751,Aeriela,Pitt,Aeriela.Pitt@yopmail.com,Aeriela.Pitt@gmail.com,doctor
752,Halette,Grayce,Halette.Grayce@yopmail.com,Halette.Grayce@gmail.com,worker
753,Wilma,Lalitta,Wilma.Lalitta@yopmail.com,Wilma.Lalitta@gmail.com,doctor
754,Raf,Robertson,Raf.Robertson@yopmail.com,Raf.Robertson@gmail.com,firefighter
755,Meghann,Horan,Meghann.Horan@yopmail.com,Meghann.Horan@gmail.com,firefighter
756,Anestassia,Clara,Anestassia.Clara@yopmail.com,Anestassia.Clara@gmail.com,developer
757,Gerrie,Rustice,Gerrie.Rustice@yopmail.com,Gerrie.Rustice@gmail.com,firefighter
758,Sheelagh,Henebry,Sheelagh.Henebry@yopmail.com,Sheelagh.Henebry@gmail.com,doctor
759,Aigneis,Elbertina,Aigneis.Elbertina@yopmail.com,Aigneis.Elbertina@gmail.com,developer
760,Andeee,Dichy,Andeee.Dichy@yopmail.com,Andeee.Dichy@gmail.com,police officer
761,Meghann,Boycey,Meghann.Boycey@yopmail.com,Meghann.Boycey@gmail.com,developer
762,Patricia,Byrne,Patricia.Byrne@yopmail.com,Patricia.Byrne@gmail.com,worker
763,Kathi,Robertson,Kathi.Robertson@yopmail.com,Kathi.Robertson@gmail.com,developer
764,Jackie,Liva,Jackie.Liva@yopmail.com,Jackie.Liva@gmail.com,doctor
765,Alameda,Dielu,Alameda.Dielu@yopmail.com,Alameda.Dielu@gmail.com,developer
766,Sam,Gale,Sam.Gale@yopmail.com,Sam.Gale@gmail.com,doctor
767,Noelle,Kristi,Noelle.Kristi@yopmail.com,Noelle.Kristi@gmail.com,doctor
768,Bee,Billye,Bee.Billye@yopmail.com,Bee.Billye@gmail.com,doctor
769,Dawn,Lindemann,Dawn.Lindemann@yopmail.com,Dawn.Lindemann@gmail.com,firefighter
770,Katleen,Killigrew,Katleen.Killigrew@yopmail.com,Katleen.Killigrew@gmail.com,developer
771,Frieda,Libna,Frieda.Libna@yopmail.com,Frieda.Libna@gmail.com,police officer
772,Jean,Tybald,Jean.Tybald@yopmail.com,Jean.Tybald@gmail.com,doctor
773,Addia,Manolo,Addia.Manolo@yopmail.com,Addia.Manolo@gmail.com,worker
774,Belva,Dorine,Belva.Dorine@yopmail.com,Belva.Dorine@gmail.com,firefighter
775,Nelle,Charmine,Nelle.Charmine@yopmail.com,Nelle.Charmine@gmail.com,police officer
776,Wilma,Charmine,Wilma.Charmine@yopmail.com,Wilma.Charmine@gmail.com,doctor
777,Ottilie,Shuler,Ottilie.Shuler@yopmail.com,Ottilie.Shuler@gmail.com,police officer
778,Belva,Smitt,Belva.Smitt@yopmail.com,Belva.Smitt@gmail.com,firefighter
779,Lyssa,Baylor,Lyssa.Baylor@yopmail.com,Lyssa.Baylor@gmail.com,developer
780,Reeba,Chauncey,Reeba.Chauncey@yopmail.com,Reeba.Chauncey@gmail.com,developer
781,Lily,Jarib,Lily.Jarib@yopmail.com,Lily.Jarib@gmail.com,doctor
782,Augustine,Garek,Augustine.Garek@yopmail.com,Augustine.Garek@gmail.com,doctor
783,Annecorinne,Allina,Annecorinne.Allina@yopmail.com,Annecorinne.Allina@gmail.com,worker
784,Silvana,Colleen,Silvana.Colleen@yopmail.com,Silvana.Colleen@gmail.com,firefighter
785,Natka,Gwenore,Natka.Gwenore@yopmail.com,Natka.Gwenore@gmail.com,doctor
786,Kate,Forrer,Kate.Forrer@yopmail.com,Kate.Forrer@gmail.com,firefighter
787,Sybille,Bord,Sybille.Bord@yopmail.com,Sybille.Bord@gmail.com,developer
788,Cristabel,Irmine,Cristabel.Irmine@yopmail.com,Cristabel.Irmine@gmail.com,developer
789,Marinna,Faria,Marinna.Faria@yopmail.com,Marinna.Faria@gmail.com,firefighter
790,Lynnea,Pearse,Lynnea.Pearse@yopmail.com,Lynnea.Pearse@gmail.com,developer
791,Marylou,Plato,Marylou.Plato@yopmail.com,Marylou.Plato@gmail.com,developer
792,Harmonia,Hazlett,Harmonia.Hazlett@yopmail.com,Harmonia.Hazlett@gmail.com,police officer
793,Corry,Bettine,Corry.Bettine@yopmail.com,Corry.Bettine@gmail.com,police officer
794,Nickie,Abbot,Nickie.Abbot@yopmail.com,Nickie.Abbot@gmail.com,developer
795,Paola,Junie,Paola.Junie@yopmail.com,Paola.Junie@gmail.com,firefighter
796,Tamqrah,Pond,Tamqrah.Pond@yopmail.com,Tamqrah.Pond@gmail.com,worker
797,Ellette,Mallon,Ellette.Mallon@yopmail.com,Ellette.Mallon@gmail.com,developer
798,Dorthy,Ader,Dorthy.Ader@yopmail.com,Dorthy.Ader@gmail.com,police officer
799,Kimberley,Virgin,Kimberley.Virgin@yopmail.com,Kimberley.Virgin@gmail.com,worker
800,Jacquetta,Magdalen,Jacquetta.Magdalen@yopmail.com,Jacquetta.Magdalen@gmail.com,firefighter
801,Myriam,Septima,Myriam.Septima@yopmail.com,Myriam.Septima@gmail.com,police officer
802,Glenda,Sherrie,Glenda.Sherrie@yopmail.com,Glenda.Sherrie@gmail.com,worker
803,Aubrie,Desai,Aubrie.Desai@yopmail.com,Aubrie.Desai@gmail.com,developer
804,Odessa,Lia,Odessa.Lia@yopmail.com,Odessa.Lia@gmail.com,police officer
805,Josephine,Pyle,Josephine.Pyle@yopmail.com,Josephine.Pyle@gmail.com,worker
806,Odessa,Hollingsworth,Odessa.Hollingsworth@yopmail.com,Odessa.Hollingsworth@gmail.com,developer
807,Alex,Avi,Alex.Avi@yopmail.com,Alex.Avi@gmail.com,doctor
808,Ketti,Halsey,Ketti.Halsey@yopmail.com,Ketti.Halsey@gmail.com,doctor
809,Claudina,Adalbert,Claudina.Adalbert@yopmail.com,Claudina.Adalbert@gmail.com,firefighter
810,Dagmar,Vanni,Dagmar.Vanni@yopmail.com,Dagmar.Vanni@gmail.com,firefighter
811,Joy,Cottle,Joy.Cottle@yopmail.com,Joy.Cottle@gmail.com,police officer
812,Jaime,Roumell,Jaime.Roumell@yopmail.com,Jaime.Roumell@gmail.com,doctor
813,Kaja,Lucienne,Kaja.Lucienne@yopmail.com,Kaja.Lucienne@gmail.com,developer
814,Rochette,Connelly,Rochette.Connelly@yopmail.com,Rochette.Connelly@gmail.com,firefighter
815,Ellette,Clara,Ellette.Clara@yopmail.com,Ellette.Clara@gmail.com,police officer
816,Laure,Giff,Laure.Giff@yopmail.com,Laure.Giff@gmail.com,worker
817,Maryellen,Gert,Maryellen.Gert@yopmail.com,Maryellen.Gert@gmail.com,doctor
818,Jeanna,Nadia,Jeanna.Nadia@yopmail.com,Jeanna.Nadia@gmail.com,firefighter
819,Audrie,Delacourt,Audrie.Delacourt@yopmail.com,Audrie.Delacourt@gmail.com,developer
820,Rhea,Orpah,Rhea.Orpah@yopmail.com,Rhea.Orpah@gmail.com,worker
821,Shandie,Jorgan,Shandie.Jorgan@yopmail.com,Shandie.Jorgan@gmail.com,doctor
822,Malina,Martsen,Malina.Martsen@yopmail.com,Malina.Martsen@gmail.com,worker
823,Agathe,Estella,Agathe.Estella@yopmail.com,Agathe.Estella@gmail.com,firefighter
824,Alisha,Mandler,Alisha.Mandler@yopmail.com,Alisha.Mandler@gmail.com,police officer
825,Max,Jotham,Max.Jotham@yopmail.com,Max.Jotham@gmail.com,firefighter
826,Roslyn,Pip,Roslyn.Pip@yopmail.com,Roslyn.Pip@gmail.com,worker
827,Emelina,Durante,Emelina.Durante@yopmail.com,Emelina.Durante@gmail.com,worker
828,Beth,Anis,Beth.Anis@yopmail.com,Beth.Anis@gmail.com,firefighter
829,Harmonia,Rillings,Harmonia.Rillings@yopmail.com,Harmonia.Rillings@gmail.com,police officer
830,Dode,Garek,Dode.Garek@yopmail.com,Dode.Garek@gmail.com,police officer
831,Genovera,Gilbertson,Genovera.Gilbertson@yopmail.com,Genovera.Gilbertson@gmail.com,firefighter
832,Myriam,Kenney,Myriam.Kenney@yopmail.com,Myriam.Kenney@gmail.com,police officer
833,Libbie,Ethban,Libbie.Ethban@yopmail.com,Libbie.Ethban@gmail.com,doctor
834,Livvyy,Vilma,Livvyy.Vilma@yopmail.com,Livvyy.Vilma@gmail.com,doctor
835,Dotty,Hedve,Dotty.Hedve@yopmail.com,Dotty.Hedve@gmail.com,developer
836,Jean,Clarissa,Jean.Clarissa@yopmail.com,Jean.Clarissa@gmail.com,police officer
837,Mamie,Rad,Mamie.Rad@yopmail.com,Mamie.Rad@gmail.com,doctor
838,Ezmeralda,Garrison,Ezmeralda.Garrison@yopmail.com,Ezmeralda.Garrison@gmail.com,developer
839,Rhoda,Philipp,Rhoda.Philipp@yopmail.com,Rhoda.Philipp@gmail.com,firefighter
840,Shauna,Yuille,Shauna.Yuille@yopmail.com,Shauna.Yuille@gmail.com,police officer
841,Brooks,Ophelia,Brooks.Ophelia@yopmail.com,Brooks.Ophelia@gmail.com,police officer
842,Alyda,Bigner,Alyda.Bigner@yopmail.com,Alyda.Bigner@gmail.com,doctor
843,Max,Sibyls,Max.Sibyls@yopmail.com,Max.Sibyls@gmail.com,worker
844,Atlanta,Dichy,Atlanta.Dichy@yopmail.com,Atlanta.Dichy@gmail.com,police officer
845,Delilah,Reidar,Delilah.Reidar@yopmail.com,Delilah.Reidar@gmail.com,worker
846,Darci,Guildroy,Darci.Guildroy@yopmail.com,Darci.Guildroy@gmail.com,firefighter
847,Alisha,Blake,Alisha.Blake@yopmail.com,Alisha.Blake@gmail.com,doctor
848,Tori,Sadowski,Tori.Sadowski@yopmail.com,Tori.Sadowski@gmail.com,worker
849,Keelia,Delp,Keelia.Delp@yopmail.com,Keelia.Delp@gmail.com,worker
850,Ottilie,Fennessy,Ottilie.Fennessy@yopmail.com,Ottilie.Fennessy@gmail.com,developer
851,Dyann,Hanshaw,Dyann.Hanshaw@yopmail.com,Dyann.Hanshaw@gmail.com,doctor
852,Grier,Tristram,Grier.Tristram@yopmail.com,Grier.Tristram@gmail.com,doctor
853,Daryl,Neils,Daryl.Neils@yopmail.com,Daryl.Neils@gmail.com,firefighter
854,Clo,Connelly,Clo.Connelly@yopmail.com,Clo.Connelly@gmail.com,developer
855,Florie,Ardra,Florie.Ardra@yopmail.com,Florie.Ardra@gmail.com,developer
856,Harrietta,Timon,Harrietta.Timon@yopmail.com,Harrietta.Timon@gmail.com,developer
857,Shirlee,Rillings,Shirlee.Rillings@yopmail.com,Shirlee.Rillings@gmail.com,worker
858,Romona,Ivens,Romona.Ivens@yopmail.com,Romona.Ivens@gmail.com,doctor
859,Shandie,Arathorn,Shandie.Arathorn@yopmail.com,Shandie.Arathorn@gmail.com,developer
860,Delilah,Madelene,Delilah.Madelene@yopmail.com,Delilah.Madelene@gmail.com,police officer
861,Chastity,Autrey,Chastity.Autrey@yopmail.com,Chastity.Autrey@gmail.com,police officer
862,Emylee,Bord,Emylee.Bord@yopmail.com,Emylee.Bord@gmail.com,worker
863,Maisey,Soneson,Maisey.Soneson@yopmail.com,Maisey.Soneson@gmail.com,worker
864,Etta,Borrell,Etta.Borrell@yopmail.com,Etta.Borrell@gmail.com,doctor
865,Judy,Lanita,Judy.Lanita@yopmail.com,Judy.Lanita@gmail.com,police officer
866,Liana,Lewes,Liana.Lewes@yopmail.com,Liana.Lewes@gmail.com,firefighter
867,Melina,Krystle,Melina.Krystle@yopmail.com,Melina.Krystle@gmail.com,worker
868,Dominga,Warthman,Dominga.Warthman@yopmail.com,Dominga.Warthman@gmail.com,police officer
869,Caryl,Jalbert,Caryl.Jalbert@yopmail.com,Caryl.Jalbert@gmail.com,doctor
870,Jan,Roarke,Jan.Roarke@yopmail.com,Jan.Roarke@gmail.com,police officer
871,Marleah,Septima,Marleah.Septima@yopmail.com,Marleah.Septima@gmail.com,developer
872,Zsa Zsa,Constancy,Zsa Zsa.Constancy@yopmail.com,Zsa Zsa.Constancy@gmail.com,developer
873,Jeanna,Simmonds,Jeanna.Simmonds@yopmail.com,Jeanna.Simmonds@gmail.com,police officer
874,Tierney,Center,Tierney.Center@yopmail.com,Tierney.Center@gmail.com,developer
875,Jinny,My,Jinny.My@yopmail.com,Jinny.My@gmail.com,developer
876,Stephanie,Phyllis,Stephanie.Phyllis@yopmail.com,Stephanie.Phyllis@gmail.com,police officer
877,Doralynne,Haerr,Doralynne.Haerr@yopmail.com,Doralynne.Haerr@gmail.com,police officer
878,Kara-Lynn,Cynar,Kara-Lynn.Cynar@yopmail.com,Kara-Lynn.Cynar@gmail.com,firefighter
879,Elise,Kamaria,Elise.Kamaria@yopmail.com,Elise.Kamaria@gmail.com,worker
880,Jorry,Talia,Jorry.Talia@yopmail.com,Jorry.Talia@gmail.com,worker
881,Annice,Loleta,Annice.Loleta@yopmail.com,Annice.Loleta@gmail.com,firefighter
882,Laure,Yuille,Laure.Yuille@yopmail.com,Laure.Yuille@gmail.com,doctor
883,Veda,Odell,Veda.Odell@yopmail.com,Veda.Odell@gmail.com,doctor
884,Randa,Solitta,Randa.Solitta@yopmail.com,Randa.Solitta@gmail.com,firefighter
885,Marcy,Helfand,Marcy.Helfand@yopmail.com,Marcy.Helfand@gmail.com,police officer
886,Audrie,Rustice,Audrie.Rustice@yopmail.com,Audrie.Rustice@gmail.com,developer
887,Nananne,Brotherson,Nananne.Brotherson@yopmail.com,Nananne.Brotherson@gmail.com,firefighter
888,Dione,Joli,Dione.Joli@yopmail.com,Dione.Joli@gmail.com,doctor
889,Arabel,Morrill,Arabel.Morrill@yopmail.com,Arabel.Morrill@gmail.com,worker
890,Stephanie,Daegal,Stephanie.Daegal@yopmail.com,Stephanie.Daegal@gmail.com,developer
891,Michaelina,Flita,Michaelina.Flita@yopmail.com,Michaelina.Flita@gmail.com,worker
892,Mathilda,Laurianne,Mathilda.Laurianne@yopmail.com,Mathilda.Laurianne@gmail.com,police officer
893,Ellette,Wooster,Ellette.Wooster@yopmail.com,Ellette.Wooster@gmail.com,developer
894,Katleen,Travax,Katleen.Travax@yopmail.com,Katleen.Travax@gmail.com,developer
895,Dominga,Vacuva,Dominga.Vacuva@yopmail.com,Dominga.Vacuva@gmail.com,police officer
896,Fayre,Chabot,Fayre.Chabot@yopmail.com,Fayre.Chabot@gmail.com,police officer
897,Dode,Melony,Dode.Melony@yopmail.com,Dode.Melony@gmail.com,developer
898,Fanchon,Parsaye,Fanchon.Parsaye@yopmail.com,Fanchon.Parsaye@gmail.com,doctor
899,Rosabelle,Weide,Rosabelle.Weide@yopmail.com,Rosabelle.Weide@gmail.com,doctor
900,Adore,Shanley,Adore.Shanley@yopmail.com,Adore.Shanley@gmail.com,developer
901,Gisela,Schroth,Gisela.Schroth@yopmail.com,Gisela.Schroth@gmail.com,developer
902,Eolanda,Fiann,Eolanda.Fiann@yopmail.com,Eolanda.Fiann@gmail.com,doctor
903,Emylee,Wildermuth,Emylee.Wildermuth@yopmail.com,Emylee.Wildermuth@gmail.com,developer
904,Misha,Pattin,Misha.Pattin@yopmail.com,Misha.Pattin@gmail.com,developer
905,Bobinette,Arvo,Bobinette.Arvo@yopmail.com,Bobinette.Arvo@gmail.com,doctor
906,Marti,Maxi,Marti.Maxi@yopmail.com,Marti.Maxi@gmail.com,developer
907,Merrie,Lunsford,Merrie.Lunsford@yopmail.com,Merrie.Lunsford@gmail.com,doctor
908,Anthia,Teryn,Anthia.Teryn@yopmail.com,Anthia.Teryn@gmail.com,police officer
909,Karly,Saint,Karly.Saint@yopmail.com,Karly.Saint@gmail.com,firefighter
910,Lucille,Paton,Lucille.Paton@yopmail.com,Lucille.Paton@gmail.com,worker
911,Belinda,Rad,Belinda.Rad@yopmail.com,Belinda.Rad@gmail.com,police officer
912,Jenda,Alfons,Jenda.Alfons@yopmail.com,Jenda.Alfons@gmail.com,police officer
913,Charissa,Raul,Charissa.Raul@yopmail.com,Charissa.Raul@gmail.com,developer
914,Robinia,Arathorn,Robinia.Arathorn@yopmail.com,Robinia.Arathorn@gmail.com,police officer
915,Maud,Agle,Maud.Agle@yopmail.com,Maud.Agle@gmail.com,worker
916,Nananne,Skurnik,Nananne.Skurnik@yopmail.com,Nananne.Skurnik@gmail.com,police officer
917,Jean,Georgy,Jean.Georgy@yopmail.com,Jean.Georgy@gmail.com,worker
918,Elora,Docilla,Elora.Docilla@yopmail.com,Elora.Docilla@gmail.com,firefighter
919,Blondelle,Uird,Blondelle.Uird@yopmail.com,Blondelle.Uird@gmail.com,worker
920,Ardenia,Jerald,Ardenia.Jerald@yopmail.com,Ardenia.Jerald@gmail.com,doctor
921,Kellen,Munn,Kellen.Munn@yopmail.com,Kellen.Munn@gmail.com,worker
922,Hope,Ledah,Hope.Ledah@yopmail.com,Hope.Ledah@gmail.com,police officer
923,Rosaline,Gregrory,Rosaline.Gregrory@yopmail.com,Rosaline.Gregrory@gmail.com,doctor
924,Susette,Latini,Susette.Latini@yopmail.com,Susette.Latini@gmail.com,worker
925,Tamqrah,Sheng,Tamqrah.Sheng@yopmail.com,Tamqrah.Sheng@gmail.com,firefighter
926,Harmonia,Melan,Harmonia.Melan@yopmail.com,Harmonia.Melan@gmail.com,worker
927,Joeann,Kauppi,Joeann.Kauppi@yopmail.com,Joeann.Kauppi@gmail.com,worker
928,Myriam,Dominy,Myriam.Dominy@yopmail.com,Myriam.Dominy@gmail.com,developer
929,Ricky,Thornburg,Ricky.Thornburg@yopmail.com,Ricky.Thornburg@gmail.com,developer
930,Dulce,Tillford,Dulce.Tillford@yopmail.com,Dulce.Tillford@gmail.com,firefighter
931,Ofilia,Fancie,Ofilia.Fancie@yopmail.com,Ofilia.Fancie@gmail.com,developer
932,Adore,Juan,Adore.Juan@yopmail.com,Adore.Juan@gmail.com,doctor
933,Tiffie,Christal,Tiffie.Christal@yopmail.com,Tiffie.Christal@gmail.com,worker
934,Wynne,August,Wynne.August@yopmail.com,Wynne.August@gmail.com,worker
935,Carilyn,Salchunas,Carilyn.Salchunas@yopmail.com,Carilyn.Salchunas@gmail.com,police officer
936,Genovera,Wilona,Genovera.Wilona@yopmail.com,Genovera.Wilona@gmail.com,firefighter
937,Zsa Zsa,Fink,Zsa Zsa.Fink@yopmail.com,Zsa Zsa.Fink@gmail.com,worker
938,Britni,Alwin,Britni.Alwin@yopmail.com,Britni.Alwin@gmail.com,police officer
939,Nelle,Joli,Nelle.Joli@yopmail.com,Nelle.Joli@gmail.com,firefighter
940,Demetris,Even,Demetris.Even@yopmail.com,Demetris.Even@gmail.com,firefighter
941,Annaliese,Oster,Annaliese.Oster@yopmail.com,Annaliese.Oster@gmail.com,developer
942,Carmela,Trace,Carmela.Trace@yopmail.com,Carmela.Trace@gmail.com,developer
943,Penelopa,Claudine,Penelopa.Claudine@yopmail.com,Penelopa.Claudine@gmail.com,police officer
944,Catrina,Stover,Catrina.Stover@yopmail.com,Catrina.Stover@gmail.com,worker
945,Blondelle,Graig,Blondelle.Graig@yopmail.com,Blondelle.Graig@gmail.com,police officer
946,Ebonee,Brackely,Ebonee.Brackely@yopmail.com,Ebonee.Brackely@gmail.com,worker
947,Evaleen,Alejoa,Evaleen.Alejoa@yopmail.com,Evaleen.Alejoa@gmail.com,firefighter
948,Susette,Therine,Susette.Therine@yopmail.com,Susette.Therine@gmail.com,doctor
949,Darci,Cressida,Darci.Cressida@yopmail.com,Darci.Cressida@gmail.com,firefighter
950,Elka,Alwin,Elka.Alwin@yopmail.com,Elka.Alwin@gmail.com,developer
951,Rosanne,Lutero,Rosanne.Lutero@yopmail.com,Rosanne.Lutero@gmail.com,doctor
952,Dione,Milson,Dione.Milson@yopmail.com,Dione.Milson@gmail.com,doctor
953,Rosanne,Oriana,Rosanne.Oriana@yopmail.com,Rosanne.Oriana@gmail.com,doctor
954,Marylou,Harday,Marylou.Harday@yopmail.com,Marylou.Harday@gmail.com,developer
955,Anestassia,Bury,Anestassia.Bury@yopmail.com,Anestassia.Bury@gmail.com,firefighter
956,Georgina,Arathorn,Georgina.Arathorn@yopmail.com,Georgina.Arathorn@gmail.com,developer
957,Gertrud,Lesley,Gertrud.Lesley@yopmail.com,Gertrud.Lesley@gmail.com,firefighter
958,Kore,Thad,Kore.Thad@yopmail.com,Kore.Thad@gmail.com,doctor
959,Ernesta,Thad,Ernesta.Thad@yopmail.com,Ernesta.Thad@gmail.com,worker
960,Jsandye,Harday,Jsandye.Harday@yopmail.com,Jsandye.Harday@gmail.com,police officer
961,Jessamyn,Gale,Jessamyn.Gale@yopmail.com,Jessamyn.Gale@gmail.com,police officer
962,Edyth,Standing,Edyth.Standing@yopmail.com,Edyth.Standing@gmail.com,developer
963,Janis,Jacinda,Janis.Jacinda@yopmail.com,Janis.Jacinda@gmail.com,firefighter
964,Barbara,Goode,Barbara.Goode@yopmail.com,Barbara.Goode@gmail.com,firefighter
965,Basia,Fredi,Basia.Fredi@yopmail.com,Basia.Fredi@gmail.com,worker
966,Carly,Astra,Carly.Astra@yopmail.com,Carly.Astra@gmail.com,firefighter
967,Deane,Felecia,Deane.Felecia@yopmail.com,Deane.Felecia@gmail.com,firefighter
968,Georgetta,Linskey,Georgetta.Linskey@yopmail.com,Georgetta.Linskey@gmail.com,doctor
969,Sam,Bivins,Sam.Bivins@yopmail.com,Sam.Bivins@gmail.com,police officer
970,Misha,Cottle,Misha.Cottle@yopmail.com,Misha.Cottle@gmail.com,police officer
971,Florencia,Phyllis,Florencia.Phyllis@yopmail.com,Florencia.Phyllis@gmail.com,firefighter
972,Rori,Jacqui,Rori.Jacqui@yopmail.com,Rori.Jacqui@gmail.com,worker
973,Tonia,August,Tonia.August@yopmail.com,Tonia.August@gmail.com,developer
974,Verla,Mitzi,Verla.Mitzi@yopmail.com,Verla.Mitzi@gmail.com,worker
975,Cathie,Anestassia,Cathie.Anestassia@yopmail.com,Cathie.Anestassia@gmail.com,developer
976,Tybie,Beebe,Tybie.Beebe@yopmail.com,Tybie.Beebe@gmail.com,police officer
977,Priscilla,Rebecka,Priscilla.Rebecka@yopmail.com,Priscilla.Rebecka@gmail.com,doctor
978,Miquela,Chrystel,Miquela.Chrystel@yopmail.com,Miquela.Chrystel@gmail.com,doctor
979,Neila,Albertine,Neila.Albertine@yopmail.com,Neila.Albertine@gmail.com,doctor
980,Stacey,Albertine,Stacey.Albertine@yopmail.com,Stacey.Albertine@gmail.com,developer
981,Tamqrah,Amethist,Tamqrah.Amethist@yopmail.com,Tamqrah.Amethist@gmail.com,firefighter
982,Corene,Alice,Corene.Alice@yopmail.com,Corene.Alice@gmail.com,worker
983,Sarette,Selway,Sarette.Selway@yopmail.com,Sarette.Selway@gmail.com,developer
984,Cordi,Zamora,Cordi.Zamora@yopmail.com,Cordi.Zamora@gmail.com,doctor
985,Ariela,Birdella,Ariela.Birdella@yopmail.com,Ariela.Birdella@gmail.com,firefighter
986,Maurene,Lattie,Maurene.Lattie@yopmail.com,Maurene.Lattie@gmail.com,worker
987,Renae,Abbot,Renae.Abbot@yopmail.com,Renae.Abbot@gmail.com,police officer
988,Daune,Bandeen,Daune.Bandeen@yopmail.com,Daune.Bandeen@gmail.com,firefighter
989,Joelly,Schenck,Joelly.Schenck@yopmail.com,Joelly.Schenck@gmail.com,worker
990,Goldie,Ammann,Goldie.Ammann@yopmail.com,Goldie.Ammann@gmail.com,doctor
991,Liana,Robertson,Liana.Robertson@yopmail.com,Liana.Robertson@gmail.com,developer
992,Christal,Toor,Christal.Toor@yopmail.com,Christal.Toor@gmail.com,doctor
993,Rani,Madelene,Rani.Madelene@yopmail.com,Rani.Madelene@gmail.com,doctor
994,Di,Euridice,Di.Euridice@yopmail.com,Di.Euridice@gmail.com,firefighter
995,Antonietta,Colp,Antonietta.Colp@yopmail.com,Antonietta.Colp@gmail.com,developer
996,Dorthy,Sikorski,Dorthy.Sikorski@yopmail.com,Dorthy.Sikorski@gmail.com,police officer
997,Ilse,Weinreb,Ilse.Weinreb@yopmail.com,Ilse.Weinreb@gmail.com,doctor
998,Gwyneth,Cavan,Gwyneth.Cavan@yopmail.com,Gwyneth.Cavan@gmail.com,worker
999,Raf,Casimir,Raf.Casimir@yopmail.com,Raf.Casimir@gmail.com,developer
1000,Dawn,Fairweather,Dawn.Fairweather@yopmail.com,Dawn.Fairweather@gmail.com,worker
1001,Bernardine,Tomasina,Bernardine.Tomasina@yopmail.com,Bernardine.Tomasina@gmail.com,developer
1002,Lita,Salchunas,Lita.Salchunas@yopmail.com,Lita.Salchunas@gmail.com,firefighter
1003,Aryn,Viddah,Aryn.Viddah@yopmail.com,Aryn.Viddah@gmail.com,firefighter
1004,Nessie,Adrienne,Nessie.Adrienne@yopmail.com,Nessie.Adrienne@gmail.com,worker
1005,Gui,Trey,Gui.Trey@yopmail.com,Gui.Trey@gmail.com,doctor
1006,Claudina,Bebe,Claudina.Bebe@yopmail.com,Claudina.Bebe@gmail.com,doctor
1007,Gusty,Roche,Gusty.Roche@yopmail.com,Gusty.Roche@gmail.com,developer
1008,Dawn,Dahlia,Dawn.Dahlia@yopmail.com,Dawn.Dahlia@gmail.com,firefighter
1009,Deloria,Toor,Deloria.Toor@yopmail.com,Deloria.Toor@gmail.com,doctor
1010,Lyssa,Talia,Lyssa.Talia@yopmail.com,Lyssa.Talia@gmail.com,firefighter
1011,Mariele,Aprile,Mariele.Aprile@yopmail.com,Mariele.Aprile@gmail.com,police officer
1012,Millie,Vary,Millie.Vary@yopmail.com,Millie.Vary@gmail.com,firefighter
1013,Winifred,Serilda,Winifred.Serilda@yopmail.com,Winifred.Serilda@gmail.com,doctor
1014,Wanda,Tremayne,Wanda.Tremayne@yopmail.com,Wanda.Tremayne@gmail.com,police officer
1015,Marcy,Alexandr,Marcy.Alexandr@yopmail.com,Marcy.Alexandr@gmail.com,firefighter
1016,Renie,Ethban,Renie.Ethban@yopmail.com,Renie.Ethban@gmail.com,police officer
1017,Vita,Clarissa,Vita.Clarissa@yopmail.com,Vita.Clarissa@gmail.com,police officer
1018,Dennie,Fiann,Dennie.Fiann@yopmail.com,Dennie.Fiann@gmail.com,police officer
1019,Zia,Ball,Zia.Ball@yopmail.com,Zia.Ball@gmail.com,firefighter
1020,Bobbi,Percy,Bobbi.Percy@yopmail.com,Bobbi.Percy@gmail.com,police officer
1021,Pierette,Isacco,Pierette.Isacco@yopmail.com,Pierette.Isacco@gmail.com,worker
1022,Fayre,Sharl,Fayre.Sharl@yopmail.com,Fayre.Sharl@gmail.com,police officer
1023,Vere,Tufts,Vere.Tufts@yopmail.com,Vere.Tufts@gmail.com,police officer
1024,Sharlene,Kalinda,Sharlene.Kalinda@yopmail.com,Sharlene.Kalinda@gmail.com,police officer
1025,Melanie,Carmena,Melanie.Carmena@yopmail.com,Melanie.Carmena@gmail.com,firefighter
1026,Johna,Maiah,Johna.Maiah@yopmail.com,Johna.Maiah@gmail.com,firefighter
1027,Philis,Keelia,Philis.Keelia@yopmail.com,Philis.Keelia@gmail.com,police officer
1028,Viviene,Arathorn,Viviene.Arathorn@yopmail.com,Viviene.Arathorn@gmail.com,worker
1029,Katuscha,Bach,Katuscha.Bach@yopmail.com,Katuscha.Bach@gmail.com,firefighter
1030,Janis,Rudolph,Janis.Rudolph@yopmail.com,Janis.Rudolph@gmail.com,worker
1031,Ethel,Irmine,Ethel.Irmine@yopmail.com,Ethel.Irmine@gmail.com,doctor
1032,Philis,Audly,Philis.Audly@yopmail.com,Philis.Audly@gmail.com,developer
1033,Rosaline,Rosette,Rosaline.Rosette@yopmail.com,Rosaline.Rosette@gmail.com,worker
1034,Frieda,Cutlerr,Frieda.Cutlerr@yopmail.com,Frieda.Cutlerr@gmail.com,developer
1035,Merci,Paine,Merci.Paine@yopmail.com,Merci.Paine@gmail.com,firefighter
1036,Jean,Randene,Jean.Randene@yopmail.com,Jean.Randene@gmail.com,police officer
1037,Jenilee,Natica,Jenilee.Natica@yopmail.com,Jenilee.Natica@gmail.com,doctor
1038,Janenna,Tacye,Janenna.Tacye@yopmail.com,Janenna.Tacye@gmail.com,developer
1039,Lisette,Dorcy,Lisette.Dorcy@yopmail.com,Lisette.Dorcy@gmail.com,doctor
1040,Jan,Gert,Jan.Gert@yopmail.com,Jan.Gert@gmail.com,worker
1041,Korrie,Tiffa,Korrie.Tiffa@yopmail.com,Korrie.Tiffa@gmail.com,doctor
1042,Daphne,Haerr,Daphne.Haerr@yopmail.com,Daphne.Haerr@gmail.com,firefighter
1043,Julieta,Lutero,Julieta.Lutero@yopmail.com,Julieta.Lutero@gmail.com,developer
1044,Doro,Delacourt,Doro.Delacourt@yopmail.com,Doro.Delacourt@gmail.com,firefighter
1045,Berta,Ingra,Berta.Ingra@yopmail.com,Berta.Ingra@gmail.com,worker
1046,Cyb,Allys,Cyb.Allys@yopmail.com,Cyb.Allys@gmail.com,doctor
1047,Joleen,Bari,Joleen.Bari@yopmail.com,Joleen.Bari@gmail.com,doctor
1048,Georgina,Kosey,Georgina.Kosey@yopmail.com,Georgina.Kosey@gmail.com,developer
1049,Christy,Sadowski,Christy.Sadowski@yopmail.com,Christy.Sadowski@gmail.com,worker
1050,Grier,Slifka,Grier.Slifka@yopmail.com,Grier.Slifka@gmail.com,doctor
1051,Valera,Ellerey,Valera.Ellerey@yopmail.com,Valera.Ellerey@gmail.com,firefighter
1052,Ingrid,Ummersen,Ingrid.Ummersen@yopmail.com,Ingrid.Ummersen@gmail.com,firefighter
1053,Anestassia,Joachim,Anestassia.Joachim@yopmail.com,Anestassia.Joachim@gmail.com,firefighter
1054,Correy,Doig,Correy.Doig@yopmail.com,Correy.Doig@gmail.com,developer
1055,Madelle,Borrell,Madelle.Borrell@yopmail.com,Madelle.Borrell@gmail.com,worker
1056,Lanae,Delp,Lanae.Delp@yopmail.com,Lanae.Delp@gmail.com,firefighter
1057,Susette,Kiyoshi,Susette.Kiyoshi@yopmail.com,Susette.Kiyoshi@gmail.com,firefighter
1058,Kayla,Wildermuth,Kayla.Wildermuth@yopmail.com,Kayla.Wildermuth@gmail.com,worker
1059,Kassey,Briney,Kassey.Briney@yopmail.com,Kassey.Briney@gmail.com,developer
1060,Fanny,Nikaniki,Fanny.Nikaniki@yopmail.com,Fanny.Nikaniki@gmail.com,developer
1061,Lynde,Zenas,Lynde.Zenas@yopmail.com,Lynde.Zenas@gmail.com,doctor
1062,Hope,Ephrem,Hope.Ephrem@yopmail.com,Hope.Ephrem@gmail.com,doctor
1063,Dorothy,Barbey,Dorothy.Barbey@yopmail.com,Dorothy.Barbey@gmail.com,developer
1064,Modestia,Sundin,Modestia.Sundin@yopmail.com,Modestia.Sundin@gmail.com,worker
1065,Debee,Ilka,Debee.Ilka@yopmail.com,Debee.Ilka@gmail.com,worker
1066,Marjie,Silvan,Marjie.Silvan@yopmail.com,Marjie.Silvan@gmail.com,developer
1067,Ermengarde,Hamil,Ermengarde.Hamil@yopmail.com,Ermengarde.Hamil@gmail.com,police officer
1068,Audrie,Federica,Audrie.Federica@yopmail.com,Audrie.Federica@gmail.com,doctor
1069,Tierney,Kristi,Tierney.Kristi@yopmail.com,Tierney.Kristi@gmail.com,doctor
1070,Millie,Taima,Millie.Taima@yopmail.com,Millie.Taima@gmail.com,developer
1071,Kimmy,Eliathas,Kimmy.Eliathas@yopmail.com,Kimmy.Eliathas@gmail.com,firefighter
1072,Ivett,Garrison,Ivett.Garrison@yopmail.com,Ivett.Garrison@gmail.com,worker
1073,Addia,Noman,Addia.Noman@yopmail.com,Addia.Noman@gmail.com,doctor
1074,Bobbi,Bluh,Bobbi.Bluh@yopmail.com,Bobbi.Bluh@gmail.com,doctor
1075,Merry,Poppy,Merry.Poppy@yopmail.com,Merry.Poppy@gmail.com,firefighter
1076,Nita,Milson,Nita.Milson@yopmail.com,Nita.Milson@gmail.com,worker
1077,Gianina,Gusella,Gianina.Gusella@yopmail.com,Gianina.Gusella@gmail.com,police officer
1078,Bill,Codding,Bill.Codding@yopmail.com,Bill.Codding@gmail.com,firefighter
1079,Bill,Emerson,Bill.Emerson@yopmail.com,Bill.Emerson@gmail.com,police officer
1080,Donetta,Ludewig,Donetta.Ludewig@yopmail.com,Donetta.Ludewig@gmail.com,developer
1081,Renae,Tillford,Renae.Tillford@yopmail.com,Renae.Tillford@gmail.com,developer
1082,Marleah,Norvol,Marleah.Norvol@yopmail.com,Marleah.Norvol@gmail.com,doctor
1083,Gabriellia,Tice,Gabriellia.Tice@yopmail.com,Gabriellia.Tice@gmail.com,firefighter
1084,Violet,Reneta,Violet.Reneta@yopmail.com,Violet.Reneta@gmail.com,police officer
1085,Genovera,Ogren,Genovera.Ogren@yopmail.com,Genovera.Ogren@gmail.com,police officer
1086,Nanete,Posner,Nanete.Posner@yopmail.com,Nanete.Posner@gmail.com,firefighter
1087,Mamie,Lilas,Mamie.Lilas@yopmail.com,Mamie.Lilas@gmail.com,firefighter
1088,Dorene,Mike,Dorene.Mike@yopmail.com,Dorene.Mike@gmail.com,worker
1089,Marline,Scammon,Marline.Scammon@yopmail.com,Marline.Scammon@gmail.com,doctor
1090,Marline,Milson,Marline.Milson@yopmail.com,Marline.Milson@gmail.com,firefighter
1091,Jacquetta,Federica,Jacquetta.Federica@yopmail.com,Jacquetta.Federica@gmail.com,developer
1092,Lilith,Braun,Lilith.Braun@yopmail.com,Lilith.Braun@gmail.com,police officer
1093,Brandise,Tacye,Brandise.Tacye@yopmail.com,Brandise.Tacye@gmail.com,police officer
1094,Chloris,Bach,Chloris.Bach@yopmail.com,Chloris.Bach@gmail.com,firefighter
1095,Eve,Bashemeth,Eve.Bashemeth@yopmail.com,Eve.Bashemeth@gmail.com,developer
1096,Babita,Old,Babita.Old@yopmail.com,Babita.Old@gmail.com,firefighter
1097,Trixi,Kravits,Trixi.Kravits@yopmail.com,Trixi.Kravits@gmail.com,doctor
1098,Angelique,Paton,Angelique.Paton@yopmail.com,Angelique.Paton@gmail.com,police officer
1099,Felice,Moina,Felice.Moina@yopmail.com,Felice.Moina@gmail.com,developer